clinic_id,clinic_name,tagline,description,address_line_1,address_line_2,city,state,zip,neighborhood,county,country,latitude,longitude,google_place_id,google_maps_url,directions_url,apple_maps_url,phone,email,website_url,booking_url,hours_json,service_type,accepts_insurance,payment_methods,amenities,logo_url,clinic_photo_urls,aggregate_rating,aggregate_rating_count,provider_ids,year_established,source_urls,last_scraped_date
clinic-ca-00001,Coastal Skin Studio West,West Hollywood injectable specialists.,"A West Hollywood practice focused on natural, conservative injectable results, with an emphasis on patient education before treatment.",1568 Cedar Drive,,Los Angeles,CA,90030,West Hollywood,Los Angeles County,US,34.046065,-118.235513,ChIJca8WIu33dGy6bhPAe8,https://maps.google.com/?cid=14037381,"https://www.google.com/maps/dir/?api=1&destination=34.046065,-118.235513","https://maps.apple.com/?ll=34.046065,-118.235513",+12135550174,hello@coastalskinstudiowest.example,https://coastalskinstudiowest.example,https://coastalskinstudiowest.example/book,"{""mon"":""9-18"",""tue"":""9-18"",""wed"":""9-18"",""thu"":""9-19"",""fri"":""9-17"",""sat"":""closed"",""sun"":""closed""}",In-Person,true,Visa; Care Credit,Wheelchair accessible; Private suites,https://picsum.photos/seed/clinic-ca-00001-logo/200/200,https://picsum.photos/seed/clinic-ca-00001-a/600/400; https://picsum.photos/seed/clinic-ca-00001-b/600/400,4.6,471,prov-ca-00001; prov-ca-00002; prov-ca-00003; prov-ca-00004,2018,https://injector.world/fake-dataset,2026-06-08
clinic-ca-00002,Harbor Skin Studio SoMa,SoMa injectable specialists.,"A SoMa practice focused on natural, conservative injectable results, with an emphasis on patient education before treatment.",8478 Park Drive,Suite 393,San Francisco,CA,94139,SoMa,San Francisco County,US,37.747247,-122.439595,ChIJcaDOw5WmZTB65aM9uV,https://maps.google.com/?cid=51116946,"https://www.google.com/maps/dir/?api=1&destination=37.747247,-122.439595","https://maps.apple.com/?ll=37.747247,-122.439595",+16195550146,hello@harborskinstudiosoma.example,https://harborskinstudiosoma.example,https://harborskinstudiosoma.example/book,,In-Person,false,Mastercard; Cherry; Visa; Care Credit,Virtual consults; Wheelchair accessible; Private suites; Wi-Fi,https://picsum.photos/seed/clinic-ca-00002-logo/200/200,https://picsum.photos/seed/clinic-ca-00002-a/600/400; https://picsum.photos/seed/clinic-ca-00002-b/600/400,4.5,247,prov-ca-00005,2011,https://injector.world/fake-dataset,2026-06-08
clinic-ca-00003,Park Avenue Injectables La,Gaslamp Quarter injectable specialists.,"A Gaslamp Quarter practice focused on natural, conservative injectable results, with an emphasis on patient education before treatment.",9185 Park Boulevard,,San Diego,CA,92125,Gaslamp Quarter,San Diego County,US,32.7035,-117.124461,ChIJcafekfRXd5wbSDaNFT,https://maps.google.com/?cid=61014968,"https://www.google.com/maps/dir/?api=1&destination=32.7035,-117.124461","https://maps.apple.com/?ll=32.7035,-117.124461",+16195550185,hello@parkavenueinjectablesla.example,https://parkavenueinjectablesla.example,,"{""mon"":""9-18"",""tue"":""9-18"",""wed"":""9-18"",""thu"":""9-19"",""fri"":""9-17"",""sat"":""closed"",""sun"":""closed""}",In-Person,true,Visa; Mastercard; Care Credit,Wheelchair accessible; Parking,https://picsum.photos/seed/clinic-ca-00003-logo/200/200,https://picsum.photos/seed/clinic-ca-00003-a/600/400; https://picsum.photos/seed/clinic-ca-00003-b/600/400,4.2,113,prov-ca-00006,2021,https://injector.world/fake-dataset,2026-06-08
clinic-ca-00004,Vista Skin & Laser Beverly,Brentwood injectable specialists.,"A Brentwood practice focused on natural, conservative injectable results, with an emphasis on patient education before treatment.",8026 Oak Boulevard,,Los Angeles,CA,90026,Brentwood,Los Angeles County,US,34.089842,-118.282,ChIJcaqmXRD2BryZSJzCER,https://maps.google.com/?cid=59220512,"https://www.google.com/maps/dir/?api=1&destination=34.089842,-118.282","https://maps.apple.com/?ll=34.089842,-118.282",+16195550131,hello@vistaskinlaserbeverly.example,https://vistaskinlaserbeverly.example,,,In-Person,false,Amex; Cherry; Visa,Wi-Fi; Wheelchair accessible,https://picsum.photos/seed/clinic-ca-00004-logo/200/200,https://picsum.photos/seed/clinic-ca-00004-a/600/400; https://picsum.photos/seed/clinic-ca-00004-b/600/400,4.9,386,prov-ca-00007; prov-ca-00008; prov-ca-00009; prov-ca-00010,2022,https://injector.world/fake-dataset,2026-06-08
clinic-ca-00005,Vista Aesthetic Medicine Pacific,SoMa injectable specialists.,"A SoMa practice focused on natural, conservative injectable results, with an emphasis on patient education before treatment.",8357 Cedar Street,Suite 166,San Francisco,CA,94109,SoMa,San Francisco County,US,37.803888,-122.45665,ChIJca8LUg3R-8JrtfxmaM,https://maps.google.com/?cid=90305908,"https://www.google.com/maps/dir/?api=1&destination=37.803888,-122.45665","https://maps.apple.com/?ll=37.803888,-122.45665",+12135550112,hello@vistaaestheticmedicinepacific.example,https://vistaaestheticmedicinepacific.example,https://vistaaestheticmedicinepacific.example/book,"{""mon"":""9-18"",""tue"":""9-18"",""wed"":""9-18"",""thu"":""9-19"",""fri"":""9-17"",""sat"":""closed"",""sun"":""closed""}",Both,false,Mastercard; Amex; Cherry,Wheelchair accessible; Wi-Fi; Private suites; Parking,https://picsum.photos/seed/clinic-ca-00005-logo/200/200,https://picsum.photos/seed/clinic-ca-00005-a/600/400; https://picsum.photos/seed/clinic-ca-00005-b/600/400,4.3,364,prov-ca-00011; prov-ca-00012,2004,https://injector.world/fake-dataset,2026-06-08
clinic-ca-00006,Cedar Cosmetic Clinic Hillcrest,Hillcrest injectable specialists.,"A Hillcrest practice focused on natural, conservative injectable results, with an emphasis on patient education before treatment.",5477 Main Street,Suite 243,San Diego,CA,92125,Hillcrest,San Diego County,US,32.727236,-117.130521,ChIJcaI5vx06PqsAuXg-hK,https://maps.google.com/?cid=68286093,"https://www.google.com/maps/dir/?api=1&destination=32.727236,-117.130521","https://maps.apple.com/?ll=32.727236,-117.130521",+16195550154,hello@cedarcosmeticclinichillcrest.example,https://cedarcosmeticclinichillcrest.example,,"{""mon"":""9-18"",""tue"":""9-18"",""wed"":""9-18"",""thu"":""9-19"",""fri"":""9-17"",""sat"":""closed"",""sun"":""closed""}",In-Person,false,Cherry; Amex,Private suites; Virtual consults; Parking; Wi-Fi,https://picsum.photos/seed/clinic-ca-00006-logo/200/200,https://picsum.photos/seed/clinic-ca-00006-a/600/400; https://picsum.photos/seed/clinic-ca-00006-b/600/400,4.7,412,prov-ca-00013,2008,https://injector.world/fake-dataset,2026-06-08
clinic-ca-00007,Summit Skin Studio West,Silver Lake injectable specialists.,"A Silver Lake practice focused on natural, conservative injectable results, with an emphasis on patient education before treatment.",9876 Harbor Drive,,Los Angeles,CA,90034,Silver Lake,Los Angeles County,US,34.084031,-118.204488,ChIJcanbDC08hqyNZkZEb6,https://maps.google.com/?cid=14787843,"https://www.google.com/maps/dir/?api=1&destination=34.084031,-118.204488","https://maps.apple.com/?ll=34.084031,-118.204488",+16195550196,hello@summitskinstudiowest.example,https://summitskinstudiowest.example,https://summitskinstudiowest.example/book,"{""mon"":""9-18"",""tue"":""9-18"",""wed"":""9-18"",""thu"":""9-19"",""fri"":""9-17"",""sat"":""closed"",""sun"":""closed""}",In-Person,false,Amex; Mastercard,Wheelchair accessible; Private suites; Parking; Virtual consults,https://picsum.photos/seed/clinic-ca-00007-logo/200/200,https://picsum.photos/seed/clinic-ca-00007-a/600/400; https://picsum.photos/seed/clinic-ca-00007-b/600/400,4.6,143,prov-ca-00014; prov-ca-00015,2005,https://injector.world/fake-dataset,2026-06-08
clinic-ca-00008,Lakeshore Dermatology SoMa,Hayes Valley injectable specialists.,"A Hayes Valley practice focused on natural, conservative injectable results, with an emphasis on patient education before treatment.",6243 Park Street,Suite 196,San Francisco,CA,94114,Hayes Valley,San Francisco County,US,37.749756,-122.379653,ChIJcaEEJtFeHL8m56K2x3,https://maps.google.com/?cid=15614960,"https://www.google.com/maps/dir/?api=1&destination=37.749756,-122.379653","https://maps.apple.com/?ll=37.749756,-122.379653",+14155550151,hello@lakeshoredermatologysoma.example,https://lakeshoredermatologysoma.example,https://lakeshoredermatologysoma.example/book,,In-Person,false,Visa; Care Credit; Amex; Cherry,Virtual consults; Parking; Wi-Fi; Wheelchair accessible,https://picsum.photos/seed/clinic-ca-00008-logo/200/200,https://picsum.photos/seed/clinic-ca-00008-a/600/400; https://picsum.photos/seed/clinic-ca-00008-b/600/400,4.9,231,prov-ca-00016; prov-ca-00017; prov-ca-00018,2008,https://injector.world/fake-dataset,2026-06-08
clinic-ca-00009,Park Avenue Skin & Laser Little,Hillcrest injectable specialists.,"A Hillcrest practice focused on natural, conservative injectable results, with an emphasis on patient education before treatment.",4128 Oak Street,,San Diego,CA,92123,Hillcrest,San Diego County,US,32.682882,-117.199967,ChIJcac2SV9wXcwGvRGJ7D,https://maps.google.com/?cid=72748301,"https://www.google.com/maps/dir/?api=1&destination=32.682882,-117.199967","https://maps.apple.com/?ll=32.682882,-117.199967",+12135550176,hello@parkavenueskinlaserlittle.example,https://parkavenueskinlaserlittle.example,,,Both,false,Visa; Mastercard; Cherry; Care Credit,Wheelchair accessible; Wi-Fi; Private suites,https://picsum.photos/seed/clinic-ca-00009-logo/200/200,https://picsum.photos/seed/clinic-ca-00009-a/600/400; https://picsum.photos/seed/clinic-ca-00009-b/600/400,4.4,189,prov-ca-00019; prov-ca-00020,2010,https://injector.world/fake-dataset,2026-06-08
clinic-ca-00010,Onyx Skin Studio West,West Hollywood injectable specialists.,"A West Hollywood practice focused on natural, conservative injectable results, with an emphasis on patient education before treatment.",9243 Cedar Street,,Los Angeles,CA,90027,West Hollywood,Los Angeles County,US,34.075324,-118.263908,ChIJca2SW0iLjnRDkMTZmc,https://maps.google.com/?cid=64596993,"https://www.google.com/maps/dir/?api=1&destination=34.075324,-118.263908","https://maps.apple.com/?ll=34.075324,-118.263908",+13105550173,hello@onyxskinstudiowest.example,https://onyxskinstudiowest.example,https://onyxskinstudiowest.example/book,"{""mon"":""9-18"",""tue"":""9-18"",""wed"":""9-18"",""thu"":""9-19"",""fri"":""9-17"",""sat"":""closed"",""sun"":""closed""}",In-Person,true,Visa; Care Credit; Mastercard,Wi-Fi; Wheelchair accessible; Virtual consults,https://picsum.photos/seed/clinic-ca-00010-logo/200/200,https://picsum.photos/seed/clinic-ca-00010-a/600/400; https://picsum.photos/seed/clinic-ca-00010-b/600/400,4.6,188,prov-ca-00021; prov-ca-00022; prov-ca-00023; prov-ca-00024,2012,https://injector.world/fake-dataset,2026-06-08
clinic-ca-00011,Sunset Cosmetic Clinic SoMa,Hayes Valley injectable specialists.,"A Hayes Valley practice focused on natural, conservative injectable results, with an emphasis on patient education before treatment.",9084 Magnolia Avenue,,San Francisco,CA,94115,Hayes Valley,San Francisco County,US,37.75963,-122.448903,ChIJca8_sdjVeQsARFePLy,https://maps.google.com/?cid=27028628,"https://www.google.com/maps/dir/?api=1&destination=37.75963,-122.448903","https://maps.apple.com/?ll=37.75963,-122.448903",+16195550115,hello@sunsetcosmeticclinicsoma.example,https://sunsetcosmeticclinicsoma.example,,"{""mon"":""9-18"",""tue"":""9-18"",""wed"":""9-18"",""thu"":""9-19"",""fri"":""9-17"",""sat"":""closed"",""sun"":""closed""}",In-Person,true,Mastercard; Amex; Cherry,Private suites; Wheelchair accessible; Wi-Fi,https://picsum.photos/seed/clinic-ca-00011-logo/200/200,https://picsum.photos/seed/clinic-ca-00011-a/600/400; https://picsum.photos/seed/clinic-ca-00011-b/600/400,4.4,358,prov-ca-00025; prov-ca-00026; prov-ca-00027,2021,https://injector.world/fake-dataset,2026-06-08
clinic-ca-00012,Marble Dermatology Gaslamp,La Jolla injectable specialists.,"A La Jolla practice focused on natural, conservative injectable results, with an emphasis on patient education before treatment.",4451 Harbor Boulevard,,San Diego,CA,92117,La Jolla,San Diego County,US,32.740736,-117.188971,ChIJcawMrX8znxnPBRGvnc,https://maps.google.com/?cid=93031991,"https://www.google.com/maps/dir/?api=1&destination=32.740736,-117.188971","https://maps.apple.com/?ll=32.740736,-117.188971",+13105550197,hello@marbledermatologygaslamp.example,https://marbledermatologygaslamp.example,https://marbledermatologygaslamp.example/book,"{""mon"":""9-18"",""tue"":""9-18"",""wed"":""9-18"",""thu"":""9-19"",""fri"":""9-17"",""sat"":""closed"",""sun"":""closed""}",Both,false,Cherry; Amex; Mastercard,Virtual consults; Wheelchair accessible; Private suites; Wi-Fi,https://picsum.photos/seed/clinic-ca-00012-logo/200/200,https://picsum.photos/seed/clinic-ca-00012-a/600/400; https://picsum.photos/seed/clinic-ca-00012-b/600/400,4.5,71,prov-ca-00028,2017,https://injector.world/fake-dataset,2026-06-08
clinic-ca-00013,Madison Aesthetics Silver,Beverly Grove injectable specialists.,"A Beverly Grove practice focused on natural, conservative injectable results, with an emphasis on patient education before treatment.",6446 Cedar Avenue,,Los Angeles,CA,90023,Beverly Grove,Los Angeles County,US,34.026808,-118.221056,ChIJcaVtwtuDmAbdTVaV5Z,https://maps.google.com/?cid=64196073,"https://www.google.com/maps/dir/?api=1&destination=34.026808,-118.221056","https://maps.apple.com/?ll=34.026808,-118.221056",+13105550141,hello@madisonaestheticssilver.example,https://madisonaestheticssilver.example,,"{""mon"":""9-18"",""tue"":""9-18"",""wed"":""9-18"",""thu"":""9-19"",""fri"":""9-17"",""sat"":""closed"",""sun"":""closed""}",In-Person,false,Visa; Mastercard; Amex,Parking; Wheelchair accessible; Virtual consults,https://picsum.photos/seed/clinic-ca-00013-logo/200/200,https://picsum.photos/seed/clinic-ca-00013-a/600/400; https://picsum.photos/seed/clinic-ca-00013-b/600/400,4.7,436,prov-ca-00029,2007,https://injector.world/fake-dataset,2026-06-08
clinic-ca-00014,Verde Aesthetics Nob,Hayes Valley injectable specialists.,"A Hayes Valley practice focused on natural, conservative injectable results, with an emphasis on patient education before treatment.",711 Sunset Street,,San Francisco,CA,94131,Hayes Valley,San Francisco County,US,37.803597,-122.422998,ChIJcaLLOzmdh2Grq9wxnB,https://maps.google.com/?cid=86980727,"https://www.google.com/maps/dir/?api=1&destination=37.803597,-122.422998","https://maps.apple.com/?ll=37.803597,-122.422998",+14155550187,hello@verdeaestheticsnob.example,https://verdeaestheticsnob.example,,"{""mon"":""9-18"",""tue"":""9-18"",""wed"":""9-18"",""thu"":""9-19"",""fri"":""9-17"",""sat"":""closed"",""sun"":""closed""}",In-Person,false,Visa; Amex; Mastercard; Care Credit,Wi-Fi; Wheelchair accessible; Parking; Virtual consults,https://picsum.photos/seed/clinic-ca-00014-logo/200/200,https://picsum.photos/seed/clinic-ca-00014-a/600/400; https://picsum.photos/seed/clinic-ca-00014-b/600/400,4.4,122,prov-ca-00030,2018,https://injector.world/fake-dataset,2026-06-08
clinic-ca-00015,Coastal Skin & Laser Gaslamp,La Jolla injectable specialists.,"A La Jolla practice focused on natural, conservative injectable results, with an emphasis on patient education before treatment.",9079 Lake Boulevard,Suite 411,San Diego,CA,92103,La Jolla,San Diego County,US,32.713442,-117.17398,ChIJca5tyCC0bvChuaznGP,https://maps.google.com/?cid=17462708,"https://www.google.com/maps/dir/?api=1&destination=32.713442,-117.17398","https://maps.apple.com/?ll=32.713442,-117.17398",+12135550187,hello@coastalskinlasergaslamp.example,https://coastalskinlasergaslamp.example,,"{""mon"":""9-18"",""tue"":""9-18"",""wed"":""9-18"",""thu"":""9-19"",""fri"":""9-17"",""sat"":""closed"",""sun"":""closed""}",Both,false,Visa; Care Credit,Private suites; Parking,https://picsum.photos/seed/clinic-ca-00015-logo/200/200,https://picsum.photos/seed/clinic-ca-00015-a/600/400; https://picsum.photos/seed/clinic-ca-00015-b/600/400,5.0,479,prov-ca-00031; prov-ca-00032,2009,https://injector.world/fake-dataset,2026-06-08
clinic-ca-00016,Crescent Med Spa West,Brentwood injectable specialists.,"A Brentwood practice focused on natural, conservative injectable results, with an emphasis on patient education before treatment.",3368 Magnolia Street,Suite 709,Los Angeles,CA,90023,Brentwood,Los Angeles County,US,34.025217,-118.233031,ChIJcan_C8fqB-Mh_QmqMd,https://maps.google.com/?cid=92620378,"https://www.google.com/maps/dir/?api=1&destination=34.025217,-118.233031","https://maps.apple.com/?ll=34.025217,-118.233031",+16195550155,hello@crescentmedspawest.example,https://crescentmedspawest.example,https://crescentmedspawest.example/book,"{""mon"":""9-18"",""tue"":""9-18"",""wed"":""9-18"",""thu"":""9-19"",""fri"":""9-17"",""sat"":""closed"",""sun"":""closed""}",In-Person,false,Cherry; Care Credit; Amex,Wi-Fi; Virtual consults; Private suites,https://picsum.photos/seed/clinic-ca-00016-logo/200/200,https://picsum.photos/seed/clinic-ca-00016-a/600/400; https://picsum.photos/seed/clinic-ca-00016-b/600/400,4.8,263,prov-ca-00033; prov-ca-00034; prov-ca-00035; prov-ca-00036,2018,https://injector.world/fake-dataset,2026-06-08
clinic-ca-00017,Aurora Skin Studio Hayes,Marina District injectable specialists.,"A Marina District practice focused on natural, conservative injectable results, with an emphasis on patient education before treatment.",1139 Oak Boulevard,,San Francisco,CA,94124,Marina District,San Francisco County,US,37.812525,-122.456941,ChIJcaN7gqlN5YAIStO0oS,https://maps.google.com/?cid=16539045,"https://www.google.com/maps/dir/?api=1&destination=37.812525,-122.456941","https://maps.apple.com/?ll=37.812525,-122.456941",+12135550196,hello@auroraskinstudiohayes.example,https://auroraskinstudiohayes.example,https://auroraskinstudiohayes.example/book,"{""mon"":""9-18"",""tue"":""9-18"",""wed"":""9-18"",""thu"":""9-19"",""fri"":""9-17"",""sat"":""closed"",""sun"":""closed""}",In-Person,false,Amex; Visa; Care Credit; Mastercard,Virtual consults; Wi-Fi; Wheelchair accessible; Parking,https://picsum.photos/seed/clinic-ca-00017-logo/200/200,https://picsum.photos/seed/clinic-ca-00017-a/600/400; https://picsum.photos/seed/clinic-ca-00017-b/600/400,4.5,381,prov-ca-00037; prov-ca-00038; prov-ca-00039,2020,https://injector.world/fake-dataset,2026-06-08
clinic-ca-00018,Bayou Aesthetics Hillcrest,La Jolla injectable specialists.,"A La Jolla practice focused on natural, conservative injectable results, with an emphasis on patient education before treatment.",4995 Magnolia Boulevard,,San Diego,CA,92123,La Jolla,San Diego County,US,32.689388,-117.131949,ChIJcaV6yrkVVUhC4gzYrB,https://maps.google.com/?cid=12056879,"https://www.google.com/maps/dir/?api=1&destination=32.689388,-117.131949","https://maps.apple.com/?ll=32.689388,-117.131949",+13105550145,hello@bayouaestheticshillcrest.example,https://bayouaestheticshillcrest.example,https://bayouaestheticshillcrest.example/book,"{""mon"":""9-18"",""tue"":""9-18"",""wed"":""9-18"",""thu"":""9-19"",""fri"":""9-17"",""sat"":""closed"",""sun"":""closed""}",Both,false,Care Credit; Visa; Amex; Cherry,Parking; Virtual consults; Wi-Fi,https://picsum.photos/seed/clinic-ca-00018-logo/200/200,https://picsum.photos/seed/clinic-ca-00018-a/600/400; https://picsum.photos/seed/clinic-ca-00018-b/600/400,4.1,120,prov-ca-00040; prov-ca-00041,2020,https://injector.world/fake-dataset,2026-06-08
clinic-tx-00001,Mosaic Aesthetic Medicine The,The Heights injectable specialists.,"A The Heights practice focused on natural, conservative injectable results, with an emphasis on patient education before treatment.",6106 Lake Avenue,Suite 594,Houston,TX,77031,The Heights,Harris County,US,29.725149,-95.357435,ChIJtxiUeimfsWLaHUZxyt,https://maps.google.com/?cid=61607860,"https://www.google.com/maps/dir/?api=1&destination=29.725149,-95.357435","https://maps.apple.com/?ll=29.725149,-95.357435",+12105550135,hello@mosaicaestheticmedicinethe.example,https://mosaicaestheticmedicinethe.example,https://mosaicaestheticmedicinethe.example/book,,In-Person,false,Cherry; Mastercard; Care Credit; Visa,Virtual consults; Parking; Wheelchair accessible; Wi-Fi,https://picsum.photos/seed/clinic-tx-00001-logo/200/200,https://picsum.photos/seed/clinic-tx-00001-a/600/400; https://picsum.photos/seed/clinic-tx-00001-b/600/400,4.7,142,prov-tx-00042; prov-tx-00043; prov-tx-00044; prov-tx-00045,2007,https://injector.world/fake-dataset,2026-06-08
clinic-tx-00002,Vista Skin & Laser Knox-Henderson,Deep Ellum injectable specialists.,"A Deep Ellum practice focused on natural, conservative injectable results, with an emphasis on patient education before treatment.",1015 Park Avenue,,Dallas,TX,75216,Deep Ellum,Dallas County,US,32.745867,-96.760644,ChIJtxClvzR8VPCfRTyqqR,https://maps.google.com/?cid=57209401,"https://www.google.com/maps/dir/?api=1&destination=32.745867,-96.760644","https://maps.apple.com/?ll=32.745867,-96.760644",+15125550155,hello@vistaskinlaserknoxhenderson.example,https://vistaskinlaserknoxhenderson.example,,"{""mon"":""9-18"",""tue"":""9-18"",""wed"":""9-18"",""thu"":""9-19"",""fri"":""9-17"",""sat"":""closed"",""sun"":""closed""}",In-Person,false,Cherry; Mastercard,Wi-Fi; Virtual consults,https://picsum.photos/seed/clinic-tx-00002-logo/200/200,https://picsum.photos/seed/clinic-tx-00002-a/600/400; https://picsum.photos/seed/clinic-tx-00002-b/600/400,4.4,464,prov-tx-00046; prov-tx-00047; prov-tx-00048; prov-tx-00049,2008,https://injector.world/fake-dataset,2026-06-08
clinic-tx-00003,Onyx Dermatology Downtown,South Congress injectable specialists.,"A South Congress practice focused on natural, conservative injectable results, with an emphasis on patient education before treatment.",5382 Cedar Avenue,Suite 119,Austin,TX,78717,South Congress,Travis County,US,30.272553,-97.746397,ChIJtxT8HastueFNPeHC1u,https://maps.google.com/?cid=72836475,"https://www.google.com/maps/dir/?api=1&destination=30.272553,-97.746397","https://maps.apple.com/?ll=30.272553,-97.746397",+17135550157,hello@onyxdermatologydowntown.example,https://onyxdermatologydowntown.example,https://onyxdermatologydowntown.example/book,"{""mon"":""9-18"",""tue"":""9-18"",""wed"":""9-18"",""thu"":""9-19"",""fri"":""9-17"",""sat"":""closed"",""sun"":""closed""}",In-Person,false,Care Credit; Visa,Virtual consults; Wi-Fi; Wheelchair accessible,https://picsum.photos/seed/clinic-tx-00003-logo/200/200,https://picsum.photos/seed/clinic-tx-00003-a/600/400; https://picsum.photos/seed/clinic-tx-00003-b/600/400,4.8,48,prov-tx-00050; prov-tx-00051; prov-tx-00052,2020,https://injector.world/fake-dataset,2026-06-08
clinic-tx-00004,Halcyon Injectables The,The Heights injectable specialists.,"A The Heights practice focused on natural, conservative injectable results, with an emphasis on patient education before treatment.",4570 Oak Boulevard,,Houston,TX,77007,The Heights,Harris County,US,29.785373,-95.380998,ChIJtxH2Y80JTzIVKBO5Cd,https://maps.google.com/?cid=95560110,"https://www.google.com/maps/dir/?api=1&destination=29.785373,-95.380998","https://maps.apple.com/?ll=29.785373,-95.380998",+12145550115,hello@halcyoninjectablesthe.example,https://halcyoninjectablesthe.example,https://halcyoninjectablesthe.example/book,"{""mon"":""9-18"",""tue"":""9-18"",""wed"":""9-18"",""thu"":""9-19"",""fri"":""9-17"",""sat"":""closed"",""sun"":""closed""}",Both,false,Mastercard; Visa,Private suites; Wi-Fi; Wheelchair accessible; Parking,https://picsum.photos/seed/clinic-tx-00004-logo/200/200,https://picsum.photos/seed/clinic-tx-00004-a/600/400; https://picsum.photos/seed/clinic-tx-00004-b/600/400,4.5,368,prov-tx-00053; prov-tx-00054,2010,https://injector.world/fake-dataset,2026-06-08
clinic-tx-00005,Bayou Cosmetic Clinic Deep,Deep Ellum injectable specialists.,"A Deep Ellum practice focused on natural, conservative injectable results, with an emphasis on patient education before treatment.",2935 Park Drive,,Dallas,TX,75223,Deep Ellum,Dallas County,US,32.767001,-96.818256,ChIJtxb-pEC3u76XHw_KBf,https://maps.google.com/?cid=70355843,"https://www.google.com/maps/dir/?api=1&destination=32.767001,-96.818256","https://maps.apple.com/?ll=32.767001,-96.818256",+15125550197,hello@bayoucosmeticclinicdeep.example,https://bayoucosmeticclinicdeep.example,,"{""mon"":""9-18"",""tue"":""9-18"",""wed"":""9-18"",""thu"":""9-19"",""fri"":""9-17"",""sat"":""closed"",""sun"":""closed""}",In-Person,false,Care Credit; Mastercard; Cherry; Visa,Wheelchair accessible; Private suites,https://picsum.photos/seed/clinic-tx-00005-logo/200/200,https://picsum.photos/seed/clinic-tx-00005-a/600/400; https://picsum.photos/seed/clinic-tx-00005-b/600/400,4.3,267,prov-tx-00055,2019,https://injector.world/fake-dataset,2026-06-08
clinic-tx-00006,Onyx Dermatology Westlake,Westlake injectable specialists.,"A Westlake practice focused on natural, conservative injectable results, with an emphasis on patient education before treatment.",6930 Harbor Avenue,Suite 622,Austin,TX,78716,Westlake,Travis County,US,30.300988,-97.739242,ChIJtxIxvENXXyHskZtLP8,https://maps.google.com/?cid=96345618,"https://www.google.com/maps/dir/?api=1&destination=30.300988,-97.739242","https://maps.apple.com/?ll=30.300988,-97.739242",+15125550168,hello@onyxdermatologywestlake.example,https://onyxdermatologywestlake.example,https://onyxdermatologywestlake.example/book,"{""mon"":""9-18"",""tue"":""9-18"",""wed"":""9-18"",""thu"":""9-19"",""fri"":""9-17"",""sat"":""closed"",""sun"":""closed""}",Both,false,Mastercard; Cherry; Care Credit,Wheelchair accessible; Wi-Fi,https://picsum.photos/seed/clinic-tx-00006-logo/200/200,https://picsum.photos/seed/clinic-tx-00006-a/600/400; https://picsum.photos/seed/clinic-tx-00006-b/600/400,4.7,219,prov-tx-00056; prov-tx-00057; prov-tx-00058,2010,https://injector.world/fake-dataset,2026-06-08
clinic-tx-00007,Madison Skin Studio River,River Oaks injectable specialists.,"A River Oaks practice focused on natural, conservative injectable results, with an emphasis on patient education before treatment.",9898 Magnolia Drive,Suite 563,Houston,TX,77021,River Oaks,Harris County,US,29.770195,-95.391189,ChIJtxsOo0MviVaOWZqrz3,https://maps.google.com/?cid=34725247,"https://www.google.com/maps/dir/?api=1&destination=29.770195,-95.391189","https://maps.apple.com/?ll=29.770195,-95.391189",+15125550121,hello@madisonskinstudioriver.example,https://madisonskinstudioriver.example,,,Both,false,Amex; Visa; Care Credit,Wheelchair accessible; Wi-Fi; Private suites,https://picsum.photos/seed/clinic-tx-00007-logo/200/200,https://picsum.photos/seed/clinic-tx-00007-a/600/400; https://picsum.photos/seed/clinic-tx-00007-b/600/400,4.4,358,prov-tx-00059,2020,https://injector.world/fake-dataset,2026-06-08
clinic-tx-00008,Mosaic Med Spa Highland,Knox-Henderson injectable specialists.,"A Knox-Henderson practice focused on natural, conservative injectable results, with an emphasis on patient education before treatment.",2771 Lake Boulevard,,Dallas,TX,75218,Knox-Henderson,Dallas County,US,32.799664,-96.809744,ChIJtxL9ZmA7Xqem6fLVWb,https://maps.google.com/?cid=50680570,"https://www.google.com/maps/dir/?api=1&destination=32.799664,-96.809744","https://maps.apple.com/?ll=32.799664,-96.809744",+12105550188,hello@mosaicmedspahighland.example,https://mosaicmedspahighland.example,https://mosaicmedspahighland.example/book,"{""mon"":""9-18"",""tue"":""9-18"",""wed"":""9-18"",""thu"":""9-19"",""fri"":""9-17"",""sat"":""closed"",""sun"":""closed""}",Both,false,Amex; Visa; Cherry,Private suites; Wheelchair accessible; Virtual consults; Wi-Fi,https://picsum.photos/seed/clinic-tx-00008-logo/200/200,https://picsum.photos/seed/clinic-tx-00008-a/600/400; https://picsum.photos/seed/clinic-tx-00008-b/600/400,4.1,52,prov-tx-00060; prov-tx-00061,2014,https://injector.world/fake-dataset,2026-06-08
clinic-tx-00009,Halcyon Aesthetic Medicine Downtown,South Congress injectable specialists.,"A South Congress practice focused on natural, conservative injectable results, with an emphasis on patient education before treatment.",9820 Park Boulevard,Suite 699,Austin,TX,78717,South Congress,Travis County,US,30.285761,-97.712838,ChIJtxAyWWnh2GoDBQVzRB,https://maps.google.com/?cid=23292588,"https://www.google.com/maps/dir/?api=1&destination=30.285761,-97.712838","https://maps.apple.com/?ll=30.285761,-97.712838",+12105550108,hello@halcyonaestheticmedicinedowntown.example,https://halcyonaestheticmedicinedowntown.example,https://halcyonaestheticmedicinedowntown.example/book,"{""mon"":""9-18"",""tue"":""9-18"",""wed"":""9-18"",""thu"":""9-19"",""fri"":""9-17"",""sat"":""closed"",""sun"":""closed""}",In-Person,true,Mastercard; Amex,Wheelchair accessible; Wi-Fi; Private suites; Virtual consults,https://picsum.photos/seed/clinic-tx-00009-logo/200/200,https://picsum.photos/seed/clinic-tx-00009-a/600/400; https://picsum.photos/seed/clinic-tx-00009-b/600/400,4.8,286,prov-tx-00062; prov-tx-00063,2008,https://injector.world/fake-dataset,2026-06-08
clinic-tx-00010,Madison Aesthetic Medicine Uptown,Memorial injectable specialists.,"A Memorial practice focused on natural, conservative injectable results, with an emphasis on patient education before treatment.",7237 Magnolia Street,,Houston,TX,77004,Memorial,Harris County,US,29.75643,-95.364474,ChIJtxtXa8uIcINjzl-uEW,https://maps.google.com/?cid=18710218,"https://www.google.com/maps/dir/?api=1&destination=29.75643,-95.364474","https://maps.apple.com/?ll=29.75643,-95.364474",+12145550126,hello@madisonaestheticmedicineuptown.example,https://madisonaestheticmedicineuptown.example,,,Both,false,Mastercard; Cherry,Wheelchair accessible; Private suites; Parking,https://picsum.photos/seed/clinic-tx-00010-logo/200/200,https://picsum.photos/seed/clinic-tx-00010-a/600/400; https://picsum.photos/seed/clinic-tx-00010-b/600/400,4.0,299,prov-tx-00064; prov-tx-00065; prov-tx-00066; prov-tx-00067,2017,https://injector.world/fake-dataset,2026-06-08
clinic-tx-00011,Bayou Aesthetics Knox-Henderson,Knox-Henderson injectable specialists.,"A Knox-Henderson practice focused on natural, conservative injectable results, with an emphasis on patient education before treatment.",1859 Cedar Boulevard,,Dallas,TX,75220,Knox-Henderson,Dallas County,US,32.74384,-96.784732,ChIJtxZSxjxnbwuRDTwIee,https://maps.google.com/?cid=50778029,"https://www.google.com/maps/dir/?api=1&destination=32.74384,-96.784732","https://maps.apple.com/?ll=32.74384,-96.784732",+17135550195,hello@bayouaestheticsknoxhenderson.example,https://bayouaestheticsknoxhenderson.example,,"{""mon"":""9-18"",""tue"":""9-18"",""wed"":""9-18"",""thu"":""9-19"",""fri"":""9-17"",""sat"":""closed"",""sun"":""closed""}",Both,false,Care Credit; Amex,Wi-Fi; Parking,https://picsum.photos/seed/clinic-tx-00011-logo/200/200,https://picsum.photos/seed/clinic-tx-00011-a/600/400; https://picsum.photos/seed/clinic-tx-00011-b/600/400,4.0,240,prov-tx-00068; prov-tx-00069; prov-tx-00070,2009,https://injector.world/fake-dataset,2026-06-08
clinic-tx-00012,Crescent Aesthetics Downtown,South Congress injectable specialists.,"A South Congress practice focused on natural, conservative injectable results, with an emphasis on patient education before treatment.",4973 Lake Drive,,Austin,TX,78713,South Congress,Travis County,US,30.285807,-97.740449,ChIJtxLPJY0kHDYfu8wnaM,https://maps.google.com/?cid=83029636,"https://www.google.com/maps/dir/?api=1&destination=30.285807,-97.740449","https://maps.apple.com/?ll=30.285807,-97.740449",+17135550142,hello@crescentaestheticsdowntown.example,https://crescentaestheticsdowntown.example,https://crescentaestheticsdowntown.example/book,"{""mon"":""9-18"",""tue"":""9-18"",""wed"":""9-18"",""thu"":""9-19"",""fri"":""9-17"",""sat"":""closed"",""sun"":""closed""}",In-Person,false,Amex; Mastercard; Care Credit; Visa,Wheelchair accessible; Virtual consults,https://picsum.photos/seed/clinic-tx-00012-logo/200/200,https://picsum.photos/seed/clinic-tx-00012-a/600/400; https://picsum.photos/seed/clinic-tx-00012-b/600/400,4.7,41,prov-tx-00071; prov-tx-00072,2005,https://injector.world/fake-dataset,2026-06-08
clinic-tx-00013,Bayou Skin Studio Montrose,The Heights injectable specialists.,"A The Heights practice focused on natural, conservative injectable results, with an emphasis on patient education before treatment.",7812 Lake Drive,,Houston,TX,77025,The Heights,Harris County,US,29.731679,-95.349888,ChIJtx65iLL0ohhznri6Cj,https://maps.google.com/?cid=73477175,"https://www.google.com/maps/dir/?api=1&destination=29.731679,-95.349888","https://maps.apple.com/?ll=29.731679,-95.349888",+12105550149,hello@bayouskinstudiomontrose.example,https://bayouskinstudiomontrose.example,https://bayouskinstudiomontrose.example/book,"{""mon"":""9-18"",""tue"":""9-18"",""wed"":""9-18"",""thu"":""9-19"",""fri"":""9-17"",""sat"":""closed"",""sun"":""closed""}",In-Person,true,Cherry; Care Credit,Private suites; Wheelchair accessible,https://picsum.photos/seed/clinic-tx-00013-logo/200/200,https://picsum.photos/seed/clinic-tx-00013-a/600/400; https://picsum.photos/seed/clinic-tx-00013-b/600/400,4.8,146,prov-tx-00073; prov-tx-00074; prov-tx-00075,2013,https://injector.world/fake-dataset,2026-06-08
clinic-tx-00014,Bayou Dermatology Highland,Knox-Henderson injectable specialists.,"A Knox-Henderson practice focused on natural, conservative injectable results, with an emphasis on patient education before treatment.",8762 Oak Street,,Dallas,TX,75204,Knox-Henderson,Dallas County,US,32.745507,-96.813268,ChIJtxVPptPlyJp_v1I99f,https://maps.google.com/?cid=95917938,"https://www.google.com/maps/dir/?api=1&destination=32.745507,-96.813268","https://maps.apple.com/?ll=32.745507,-96.813268",+15125550148,hello@bayoudermatologyhighland.example,https://bayoudermatologyhighland.example,https://bayoudermatologyhighland.example/book,"{""mon"":""9-18"",""tue"":""9-18"",""wed"":""9-18"",""thu"":""9-19"",""fri"":""9-17"",""sat"":""closed"",""sun"":""closed""}",In-Person,false,Mastercard; Amex,Wheelchair accessible; Private suites; Parking,https://picsum.photos/seed/clinic-tx-00014-logo/200/200,https://picsum.photos/seed/clinic-tx-00014-a/600/400; https://picsum.photos/seed/clinic-tx-00014-b/600/400,4.8,359,prov-tx-00076; prov-tx-00077; prov-tx-00078; prov-tx-00079,2018,https://injector.world/fake-dataset,2026-06-08
clinic-tx-00015,Lumen Skin & Laser Tarrytown,Downtown injectable specialists.,"A Downtown practice focused on natural, conservative injectable results, with an emphasis on patient education before treatment.",5275 Lake Boulevard,,Austin,TX,78709,Downtown,Travis County,US,30.272111,-97.748876,ChIJtxmc_VsFG5EP8uCFQ2,https://maps.google.com/?cid=11784713,"https://www.google.com/maps/dir/?api=1&destination=30.272111,-97.748876","https://maps.apple.com/?ll=30.272111,-97.748876",+17135550133,hello@lumenskinlasertarrytown.example,https://lumenskinlasertarrytown.example,,,In-Person,false,Visa; Amex,Virtual consults; Wi-Fi; Private suites,https://picsum.photos/seed/clinic-tx-00015-logo/200/200,https://picsum.photos/seed/clinic-tx-00015-a/600/400; https://picsum.photos/seed/clinic-tx-00015-b/600/400,4.9,79,prov-tx-00080; prov-tx-00081; prov-tx-00082; prov-tx-00083,2017,https://injector.world/fake-dataset,2026-06-08
clinic-tx-00016,Verde Skin Studio Montrose,River Oaks injectable specialists.,"A River Oaks practice focused on natural, conservative injectable results, with an emphasis on patient education before treatment.",3450 Park Drive,Suite 198,Houston,TX,77021,River Oaks,Harris County,US,29.740866,-95.370975,ChIJtx9lAb9swChbm_Wh7R,https://maps.google.com/?cid=10623858,"https://www.google.com/maps/dir/?api=1&destination=29.740866,-95.370975","https://maps.apple.com/?ll=29.740866,-95.370975",+12145550130,hello@verdeskinstudiomontrose.example,https://verdeskinstudiomontrose.example,,"{""mon"":""9-18"",""tue"":""9-18"",""wed"":""9-18"",""thu"":""9-19"",""fri"":""9-17"",""sat"":""closed"",""sun"":""closed""}",In-Person,false,Care Credit; Visa; Mastercard; Amex,Private suites; Virtual consults; Wheelchair accessible,https://picsum.photos/seed/clinic-tx-00016-logo/200/200,https://picsum.photos/seed/clinic-tx-00016-a/600/400; https://picsum.photos/seed/clinic-tx-00016-b/600/400,4.2,455,prov-tx-00084; prov-tx-00085; prov-tx-00086; prov-tx-00087,2013,https://injector.world/fake-dataset,2026-06-08
clinic-ny-00001,Cedar Aesthetics SoHo,Upper East Side injectable specialists.,"A Upper East Side practice focused on natural, conservative injectable results, with an emphasis on patient education before treatment.",9694 Magnolia Avenue,Suite 852,New York,NY,10015,Upper East Side,New York County,US,40.700626,-74.035965,ChIJnyyYxiMduiH4LDbzpW,https://maps.google.com/?cid=11007051,"https://www.google.com/maps/dir/?api=1&destination=40.700626,-74.035965","https://maps.apple.com/?ll=40.700626,-74.035965",+17185550190,hello@cedaraestheticssoho.example,https://cedaraestheticssoho.example,,"{""mon"":""9-18"",""tue"":""9-18"",""wed"":""9-18"",""thu"":""9-19"",""fri"":""9-17"",""sat"":""closed"",""sun"":""closed""}",Both,false,Mastercard; Care Credit,Parking; Private suites,https://picsum.photos/seed/clinic-ny-00001-logo/200/200,https://picsum.photos/seed/clinic-ny-00001-a/600/400; https://picsum.photos/seed/clinic-ny-00001-b/600/400,4.1,44,prov-ny-00088; prov-ny-00089; prov-ny-00090; prov-ny-00091,2013,https://injector.world/fake-dataset,2026-06-08
clinic-ny-00002,Aurora Skin Studio SoHo,Tribeca injectable specialists.,"A Tribeca practice focused on natural, conservative injectable results, with an emphasis on patient education before treatment.",5634 Harbor Street,Suite 554,New York,NY,10004,Tribeca,New York County,US,40.723343,-73.973926,ChIJny3odUldXKbDbOKq-m,https://maps.google.com/?cid=10091013,"https://www.google.com/maps/dir/?api=1&destination=40.723343,-73.973926","https://maps.apple.com/?ll=40.723343,-73.973926",+17185550140,hello@auroraskinstudiosoho.example,https://auroraskinstudiosoho.example,https://auroraskinstudiosoho.example/book,"{""mon"":""9-18"",""tue"":""9-18"",""wed"":""9-18"",""thu"":""9-19"",""fri"":""9-17"",""sat"":""closed"",""sun"":""closed""}",Both,false,Care Credit; Amex; Visa,Parking; Virtual consults,https://picsum.photos/seed/clinic-ny-00002-logo/200/200,https://picsum.photos/seed/clinic-ny-00002-a/600/400; https://picsum.photos/seed/clinic-ny-00002-b/600/400,4.9,245,prov-ny-00092,2013,https://injector.world/fake-dataset,2026-06-08
clinic-ny-00003,Summit Aesthetics Upper,Upper East Side injectable specialists.,"A Upper East Side practice focused on natural, conservative injectable results, with an emphasis on patient education before treatment.",2955 Cedar Street,,New York,NY,10023,Upper East Side,New York County,US,40.740013,-74.034073,ChIJnyDSb_iLiaqJv3JkfH,https://maps.google.com/?cid=57590593,"https://www.google.com/maps/dir/?api=1&destination=40.740013,-74.034073","https://maps.apple.com/?ll=40.740013,-74.034073",+12125550150,hello@summitaestheticsupper.example,https://summitaestheticsupper.example,https://summitaestheticsupper.example/book,,In-Person,false,Care Credit; Visa,Private suites; Wi-Fi; Wheelchair accessible,https://picsum.photos/seed/clinic-ny-00003-logo/200/200,https://picsum.photos/seed/clinic-ny-00003-a/600/400; https://picsum.photos/seed/clinic-ny-00003-b/600/400,4.1,102,prov-ny-00093; prov-ny-00094,2019,https://injector.world/fake-dataset,2026-06-08
clinic-ny-00004,Madison Med Spa Upper,Midtown injectable specialists.,"A Midtown practice focused on natural, conservative injectable results, with an emphasis on patient education before treatment.",2525 Cedar Drive,Suite 276,New York,NY,10012,Midtown,New York County,US,40.734923,-74.016252,ChIJnyc825o64VSVSnL7nv,https://maps.google.com/?cid=58205685,"https://www.google.com/maps/dir/?api=1&destination=40.734923,-74.016252","https://maps.apple.com/?ll=40.734923,-74.016252",+19175550135,hello@madisonmedspaupper.example,https://madisonmedspaupper.example,https://madisonmedspaupper.example/book,,Both,true,Care Credit; Cherry,Wheelchair accessible; Private suites; Virtual consults; Parking,https://picsum.photos/seed/clinic-ny-00004-logo/200/200,https://picsum.photos/seed/clinic-ny-00004-a/600/400; https://picsum.photos/seed/clinic-ny-00004-b/600/400,4.3,291,prov-ny-00095; prov-ny-00096; prov-ny-00097; prov-ny-00098,2011,https://injector.world/fake-dataset,2026-06-08
clinic-ny-00005,Lumen Dermatology Midtown,Midtown injectable specialists.,"A Midtown practice focused on natural, conservative injectable results, with an emphasis on patient education before treatment.",3961 Lake Street,Suite 235,New York,NY,10012,Midtown,New York County,US,40.705129,-73.967284,ChIJnyGoB5may1P6pssthQ,https://maps.google.com/?cid=73329884,"https://www.google.com/maps/dir/?api=1&destination=40.705129,-73.967284","https://maps.apple.com/?ll=40.705129,-73.967284",+12125550176,hello@lumendermatologymidtown.example,https://lumendermatologymidtown.example,https://lumendermatologymidtown.example/book,"{""mon"":""9-18"",""tue"":""9-18"",""wed"":""9-18"",""thu"":""9-19"",""fri"":""9-17"",""sat"":""closed"",""sun"":""closed""}",Both,false,Mastercard; Amex; Care Credit; Visa,Parking; Private suites; Wi-Fi; Wheelchair accessible,https://picsum.photos/seed/clinic-ny-00005-logo/200/200,https://picsum.photos/seed/clinic-ny-00005-a/600/400; https://picsum.photos/seed/clinic-ny-00005-b/600/400,4.9,291,prov-ny-00099; prov-ny-00100,2021,https://injector.world/fake-dataset,2026-06-08
clinic-ny-00006,Cedar Skin & Laser Greenwich,Flatiron injectable specialists.,"A Flatiron practice focused on natural, conservative injectable results, with an emphasis on patient education before treatment.",9657 Magnolia Avenue,Suite 849,New York,NY,10008,Flatiron,New York County,US,40.748995,-74.029223,ChIJnyx824bCcu_D9qJD1N,https://maps.google.com/?cid=86350362,"https://www.google.com/maps/dir/?api=1&destination=40.748995,-74.029223","https://maps.apple.com/?ll=40.748995,-74.029223",+17185550153,hello@cedarskinlasergreenwich.example,https://cedarskinlasergreenwich.example,https://cedarskinlasergreenwich.example/book,"{""mon"":""9-18"",""tue"":""9-18"",""wed"":""9-18"",""thu"":""9-19"",""fri"":""9-17"",""sat"":""closed"",""sun"":""closed""}",In-Person,false,Visa; Mastercard,Parking; Wheelchair accessible; Private suites; Wi-Fi,https://picsum.photos/seed/clinic-ny-00006-logo/200/200,https://picsum.photos/seed/clinic-ny-00006-a/600/400; https://picsum.photos/seed/clinic-ny-00006-b/600/400,4.5,173,prov-ny-00101,2020,https://injector.world/fake-dataset,2026-06-08
clinic-ny-00007,Crescent Dermatology Tribeca,Midtown injectable specialists.,"A Midtown practice focused on natural, conservative injectable results, with an emphasis on patient education before treatment.",6059 Oak Street,Suite 809,New York,NY,10025,Midtown,New York County,US,40.70743,-73.99227,ChIJnyV08dELXK7GEWOC2P,https://maps.google.com/?cid=16095911,"https://www.google.com/maps/dir/?api=1&destination=40.70743,-73.99227","https://maps.apple.com/?ll=40.70743,-73.99227",+12125550171,hello@crescentdermatologytribeca.example,https://crescentdermatologytribeca.example,,"{""mon"":""9-18"",""tue"":""9-18"",""wed"":""9-18"",""thu"":""9-19"",""fri"":""9-17"",""sat"":""closed"",""sun"":""closed""}",In-Person,true,Mastercard; Cherry,Parking; Wheelchair accessible; Private suites,https://picsum.photos/seed/clinic-ny-00007-logo/200/200,https://picsum.photos/seed/clinic-ny-00007-a/600/400; https://picsum.photos/seed/clinic-ny-00007-b/600/400,4.2,369,prov-ny-00102,2008,https://injector.world/fake-dataset,2026-06-08
clinic-ny-00008,Madison Skin Studio Midtown,SoHo injectable specialists.,"A SoHo practice focused on natural, conservative injectable results, with an emphasis on patient education before treatment.",2282 Park Avenue,Suite 397,New York,NY,10014,SoHo,New York County,US,40.694753,-73.961023,ChIJny_An4-T33JCcUSU2Y,https://maps.google.com/?cid=74784517,"https://www.google.com/maps/dir/?api=1&destination=40.694753,-73.961023","https://maps.apple.com/?ll=40.694753,-73.961023",+19175550142,hello@madisonskinstudiomidtown.example,https://madisonskinstudiomidtown.example,https://madisonskinstudiomidtown.example/book,"{""mon"":""9-18"",""tue"":""9-18"",""wed"":""9-18"",""thu"":""9-19"",""fri"":""9-17"",""sat"":""closed"",""sun"":""closed""}",In-Person,true,Cherry; Visa; Amex,Wi-Fi; Wheelchair accessible,https://picsum.photos/seed/clinic-ny-00008-logo/200/200,https://picsum.photos/seed/clinic-ny-00008-a/600/400; https://picsum.photos/seed/clinic-ny-00008-b/600/400,4.7,389,prov-ny-00103; prov-ny-00104; prov-ny-00105; prov-ny-00106,2017,https://injector.world/fake-dataset,2026-06-08
clinic-ny-00009,Lumen Dermatology Greenwich,Tribeca injectable specialists.,"A Tribeca practice focused on natural, conservative injectable results, with an emphasis on patient education before treatment.",5647 Park Avenue,Suite 455,New York,NY,10012,Tribeca,New York County,US,40.727609,-74.0218,ChIJnyrVGygNthrzMC_V70,https://maps.google.com/?cid=85466266,"https://www.google.com/maps/dir/?api=1&destination=40.727609,-74.0218","https://maps.apple.com/?ll=40.727609,-74.0218",+12125550102,hello@lumendermatologygreenwich.example,https://lumendermatologygreenwich.example,,,Both,false,Visa; Mastercard; Cherry; Amex,Virtual consults; Parking; Wheelchair accessible; Private suites,https://picsum.photos/seed/clinic-ny-00009-logo/200/200,https://picsum.photos/seed/clinic-ny-00009-a/600/400; https://picsum.photos/seed/clinic-ny-00009-b/600/400,4.9,211,prov-ny-00107; prov-ny-00108,2021,https://injector.world/fake-dataset,2026-06-08
clinic-ny-00010,Lumen Aesthetics Tribeca,Upper East Side injectable specialists.,"A Upper East Side practice focused on natural, conservative injectable results, with an emphasis on patient education before treatment.",8467 Park Avenue,,New York,NY,10030,Upper East Side,New York County,US,40.686497,-73.968933,ChIJnyckjC7ZckmLNf-iej,https://maps.google.com/?cid=87919663,"https://www.google.com/maps/dir/?api=1&destination=40.686497,-73.968933","https://maps.apple.com/?ll=40.686497,-73.968933",+17185550193,hello@lumenaestheticstribeca.example,https://lumenaestheticstribeca.example,,"{""mon"":""9-18"",""tue"":""9-18"",""wed"":""9-18"",""thu"":""9-19"",""fri"":""9-17"",""sat"":""closed"",""sun"":""closed""}",In-Person,false,Cherry; Mastercard; Care Credit,Wheelchair accessible; Private suites; Parking; Wi-Fi,https://picsum.photos/seed/clinic-ny-00010-logo/200/200,https://picsum.photos/seed/clinic-ny-00010-a/600/400; https://picsum.photos/seed/clinic-ny-00010-b/600/400,4.1,381,prov-ny-00109; prov-ny-00110; prov-ny-00111; prov-ny-00112,2007,https://injector.world/fake-dataset,2026-06-08
clinic-ny-00011,Harbor Cosmetic Clinic Tribeca,Midtown injectable specialists.,"A Midtown practice focused on natural, conservative injectable results, with an emphasis on patient education before treatment.",1261 Lake Boulevard,Suite 413,New York,NY,10025,Midtown,New York County,US,40.742942,-74.024633,ChIJnyTrt1f8xbtfFt6j8N,https://maps.google.com/?cid=14814405,"https://www.google.com/maps/dir/?api=1&destination=40.742942,-74.024633","https://maps.apple.com/?ll=40.742942,-74.024633",+12125550134,hello@harborcosmeticclinictribeca.example,https://harborcosmeticclinictribeca.example,https://harborcosmeticclinictribeca.example/book,,In-Person,false,Cherry; Visa,Parking; Wheelchair accessible,https://picsum.photos/seed/clinic-ny-00011-logo/200/200,https://picsum.photos/seed/clinic-ny-00011-a/600/400; https://picsum.photos/seed/clinic-ny-00011-b/600/400,4.8,416,prov-ny-00113; prov-ny-00114,2011,https://injector.world/fake-dataset,2026-06-08
clinic-ny-00012,Aurora Skin & Laser SoHo,SoHo injectable specialists.,"A SoHo practice focused on natural, conservative injectable results, with an emphasis on patient education before treatment.",3670 Harbor Boulevard,,New York,NY,10006,SoHo,New York County,US,40.677119,-73.959307,ChIJnyc-PSTDP319JiQtaO,https://maps.google.com/?cid=96791466,"https://www.google.com/maps/dir/?api=1&destination=40.677119,-73.959307","https://maps.apple.com/?ll=40.677119,-73.959307",+12125550127,hello@auroraskinlasersoho.example,https://auroraskinlasersoho.example,,"{""mon"":""9-18"",""tue"":""9-18"",""wed"":""9-18"",""thu"":""9-19"",""fri"":""9-17"",""sat"":""closed"",""sun"":""closed""}",In-Person,false,Cherry; Mastercard; Amex,Private suites; Wi-Fi,https://picsum.photos/seed/clinic-ny-00012-logo/200/200,https://picsum.photos/seed/clinic-ny-00012-a/600/400; https://picsum.photos/seed/clinic-ny-00012-b/600/400,4.1,205,prov-ny-00115; prov-ny-00116,2011,https://injector.world/fake-dataset,2026-06-08
clinic-ny-00013,Crescent Med Spa Greenwich,Flatiron injectable specialists.,"A Flatiron practice focused on natural, conservative injectable results, with an emphasis on patient education before treatment.",3460 Park Drive,,New York,NY,10013,Flatiron,New York County,US,40.680441,-73.962923,ChIJnyIZKO2rASt7vROTcG,https://maps.google.com/?cid=26004504,"https://www.google.com/maps/dir/?api=1&destination=40.680441,-73.962923","https://maps.apple.com/?ll=40.680441,-73.962923",+19175550184,hello@crescentmedspagreenwich.example,https://crescentmedspagreenwich.example,https://crescentmedspagreenwich.example/book,"{""mon"":""9-18"",""tue"":""9-18"",""wed"":""9-18"",""thu"":""9-19"",""fri"":""9-17"",""sat"":""closed"",""sun"":""closed""}",Both,false,Visa; Mastercard,Wheelchair accessible; Virtual consults,https://picsum.photos/seed/clinic-ny-00013-logo/200/200,https://picsum.photos/seed/clinic-ny-00013-a/600/400; https://picsum.photos/seed/clinic-ny-00013-b/600/400,4.2,471,prov-ny-00117; prov-ny-00118; prov-ny-00119,2021,https://injector.world/fake-dataset,2026-06-08
clinic-ny-00014,Cedar Injectables Flatiron,Tribeca injectable specialists.,"A Tribeca practice focused on natural, conservative injectable results, with an emphasis on patient education before treatment.",1269 Lake Boulevard,Suite 477,New York,NY,10001,Tribeca,New York County,US,40.704772,-73.987903,ChIJnyBX2wzlojS0cJDVFV,https://maps.google.com/?cid=23990236,"https://www.google.com/maps/dir/?api=1&destination=40.704772,-73.987903","https://maps.apple.com/?ll=40.704772,-73.987903",+19175550191,hello@cedarinjectablesflatiron.example,https://cedarinjectablesflatiron.example,https://cedarinjectablesflatiron.example/book,,Both,true,Amex; Visa; Care Credit; Cherry,Private suites; Wheelchair accessible; Parking,https://picsum.photos/seed/clinic-ny-00014-logo/200/200,https://picsum.photos/seed/clinic-ny-00014-a/600/400; https://picsum.photos/seed/clinic-ny-00014-b/600/400,4.5,196,prov-ny-00120; prov-ny-00121; prov-ny-00122,2017,https://injector.world/fake-dataset,2026-06-08
clinic-fl-00001,Cedar Aesthetic Medicine Wynwood,Coral Gables injectable specialists.,"A Coral Gables practice focused on natural, conservative injectable results, with an emphasis on patient education before treatment.",3227 Harbor Street,Suite 194,Miami,FL,33159,Coral Gables,Miami-Dade County,US,25.722186,-80.153252,ChIJflqnKuZX7JMleE6p-o,https://maps.google.com/?cid=82211164,"https://www.google.com/maps/dir/?api=1&destination=25.722186,-80.153252","https://maps.apple.com/?ll=25.722186,-80.153252",+17865550127,hello@cedaraestheticmedicinewynwood.example,https://cedaraestheticmedicinewynwood.example,,"{""mon"":""9-18"",""tue"":""9-18"",""wed"":""9-18"",""thu"":""9-19"",""fri"":""9-17"",""sat"":""closed"",""sun"":""closed""}",In-Person,false,Cherry; Visa; Care Credit,Private suites; Virtual consults; Parking,https://picsum.photos/seed/clinic-fl-00001-logo/200/200,https://picsum.photos/seed/clinic-fl-00001-a/600/400; https://picsum.photos/seed/clinic-fl-00001-b/600/400,4.1,248,prov-fl-00123; prov-fl-00124; prov-fl-00125,2010,https://injector.world/fake-dataset,2026-06-08
clinic-fl-00002,Aurora Skin Studio Wynwood,South Beach injectable specialists.,"A South Beach practice focused on natural, conservative injectable results, with an emphasis on patient education before treatment.",8277 Magnolia Avenue,,Miami,FL,33161,South Beach,Miami-Dade County,US,25.754583,-80.192672,ChIJflbjkoW5K6cbXU0LVk,https://maps.google.com/?cid=62383085,"https://www.google.com/maps/dir/?api=1&destination=25.754583,-80.192672","https://maps.apple.com/?ll=25.754583,-80.192672",+17865550125,hello@auroraskinstudiowynwood.example,https://auroraskinstudiowynwood.example,https://auroraskinstudiowynwood.example/book,"{""mon"":""9-18"",""tue"":""9-18"",""wed"":""9-18"",""thu"":""9-19"",""fri"":""9-17"",""sat"":""closed"",""sun"":""closed""}",Both,true,Mastercard; Visa; Amex,Private suites; Wi-Fi,https://picsum.photos/seed/clinic-fl-00002-logo/200/200,https://picsum.photos/seed/clinic-fl-00002-a/600/400; https://picsum.photos/seed/clinic-fl-00002-b/600/400,4.7,114,prov-fl-00126; prov-fl-00127,2008,https://injector.world/fake-dataset,2026-06-08
clinic-fl-00003,Park Avenue Aesthetics South,Brickell injectable specialists.,"A Brickell practice focused on natural, conservative injectable results, with an emphasis on patient education before treatment.",7429 Park Street,,Miami,FL,33150,Brickell,Miami-Dade County,US,25.737105,-80.223698,ChIJflaJB0j-DYRoFMyPp9,https://maps.google.com/?cid=48401288,"https://www.google.com/maps/dir/?api=1&destination=25.737105,-80.223698","https://maps.apple.com/?ll=25.737105,-80.223698",+14075550152,hello@parkavenueaestheticssouth.example,https://parkavenueaestheticssouth.example,https://parkavenueaestheticssouth.example/book,"{""mon"":""9-18"",""tue"":""9-18"",""wed"":""9-18"",""thu"":""9-19"",""fri"":""9-17"",""sat"":""closed"",""sun"":""closed""}",In-Person,true,Amex; Mastercard; Visa,Virtual consults; Parking; Wi-Fi; Private suites,https://picsum.photos/seed/clinic-fl-00003-logo/200/200,https://picsum.photos/seed/clinic-fl-00003-a/600/400; https://picsum.photos/seed/clinic-fl-00003-b/600/400,4.0,200,prov-fl-00128; prov-fl-00129,2021,https://injector.world/fake-dataset,2026-06-08
clinic-fl-00004,Magnolia Injectables Coconut,South Beach injectable specialists.,"A South Beach practice focused on natural, conservative injectable results, with an emphasis on patient education before treatment.",6157 Park Boulevard,,Miami,FL,33153,South Beach,Miami-Dade County,US,25.724717,-80.229312,ChIJflEcgsYK6UzCRduY95,https://maps.google.com/?cid=85263409,"https://www.google.com/maps/dir/?api=1&destination=25.724717,-80.229312","https://maps.apple.com/?ll=25.724717,-80.229312",+14075550103,hello@magnoliainjectablescoconut.example,https://magnoliainjectablescoconut.example,,"{""mon"":""9-18"",""tue"":""9-18"",""wed"":""9-18"",""thu"":""9-19"",""fri"":""9-17"",""sat"":""closed"",""sun"":""closed""}",In-Person,false,Amex; Mastercard,Wi-Fi; Wheelchair accessible; Parking; Private suites,https://picsum.photos/seed/clinic-fl-00004-logo/200/200,https://picsum.photos/seed/clinic-fl-00004-a/600/400; https://picsum.photos/seed/clinic-fl-00004-b/600/400,4.6,302,prov-fl-00130; prov-fl-00131; prov-fl-00132; prov-fl-00133,2014,https://injector.world/fake-dataset,2026-06-08
clinic-fl-00005,Madison Injectables Coconut,South Beach injectable specialists.,"A South Beach practice focused on natural, conservative injectable results, with an emphasis on patient education before treatment.",9886 Lake Avenue,,Miami,FL,33139,South Beach,Miami-Dade County,US,25.788964,-80.216438,ChIJfl7Af15VZl5bt8QUYb,https://maps.google.com/?cid=30547977,"https://www.google.com/maps/dir/?api=1&destination=25.788964,-80.216438","https://maps.apple.com/?ll=25.788964,-80.216438",+14075550140,hello@madisoninjectablescoconut.example,https://madisoninjectablescoconut.example,https://madisoninjectablescoconut.example/book,"{""mon"":""9-18"",""tue"":""9-18"",""wed"":""9-18"",""thu"":""9-19"",""fri"":""9-17"",""sat"":""closed"",""sun"":""closed""}",In-Person,false,Amex; Cherry; Visa,Virtual consults; Parking; Wi-Fi; Wheelchair accessible,https://picsum.photos/seed/clinic-fl-00005-logo/200/200,https://picsum.photos/seed/clinic-fl-00005-a/600/400; https://picsum.photos/seed/clinic-fl-00005-b/600/400,4.8,108,prov-fl-00134; prov-fl-00135; prov-fl-00136,2011,https://injector.world/fake-dataset,2026-06-08
clinic-fl-00006,Coastal Cosmetic Clinic Brickell,Coral Gables injectable specialists.,"A Coral Gables practice focused on natural, conservative injectable results, with an emphasis on patient education before treatment.",8362 Main Street,,Miami,FL,33134,Coral Gables,Miami-Dade County,US,25.792454,-80.200849,ChIJflh1uhlxYWCnb3_TnW,https://maps.google.com/?cid=53470875,"https://www.google.com/maps/dir/?api=1&destination=25.792454,-80.200849","https://maps.apple.com/?ll=25.792454,-80.200849",+13055550150,hello@coastalcosmeticclinicbrickell.example,https://coastalcosmeticclinicbrickell.example,https://coastalcosmeticclinicbrickell.example/book,,In-Person,true,Visa; Amex; Care Credit; Mastercard,Parking; Private suites,https://picsum.photos/seed/clinic-fl-00006-logo/200/200,https://picsum.photos/seed/clinic-fl-00006-a/600/400; https://picsum.photos/seed/clinic-fl-00006-b/600/400,4.2,34,prov-fl-00137; prov-fl-00138; prov-fl-00139,2014,https://injector.world/fake-dataset,2026-06-08
clinic-fl-00007,Onyx Med Spa South,South Beach injectable specialists.,"A South Beach practice focused on natural, conservative injectable results, with an emphasis on patient education before treatment.",9465 Park Drive,,Miami,FL,33150,South Beach,Miami-Dade County,US,25.780316,-80.158295,ChIJflYcxu_hfysLtHuvCs,https://maps.google.com/?cid=98254522,"https://www.google.com/maps/dir/?api=1&destination=25.780316,-80.158295","https://maps.apple.com/?ll=25.780316,-80.158295",+13055550199,hello@onyxmedspasouth.example,https://onyxmedspasouth.example,https://onyxmedspasouth.example/book,"{""mon"":""9-18"",""tue"":""9-18"",""wed"":""9-18"",""thu"":""9-19"",""fri"":""9-17"",""sat"":""closed"",""sun"":""closed""}",In-Person,true,Care Credit; Visa; Cherry; Amex,Virtual consults; Parking,https://picsum.photos/seed/clinic-fl-00007-logo/200/200,https://picsum.photos/seed/clinic-fl-00007-a/600/400; https://picsum.photos/seed/clinic-fl-00007-b/600/400,4.2,138,prov-fl-00140; prov-fl-00141,2019,https://injector.world/fake-dataset,2026-06-08
clinic-fl-00008,Mosaic Med Spa Wynwood,Coconut Grove injectable specialists.,"A Coconut Grove practice focused on natural, conservative injectable results, with an emphasis on patient education before treatment.",6107 Cedar Drive,Suite 230,Miami,FL,33151,Coconut Grove,Miami-Dade County,US,25.794944,-80.163732,ChIJflvYxCWXUmvZaDbapW,https://maps.google.com/?cid=34329054,"https://www.google.com/maps/dir/?api=1&destination=25.794944,-80.163732","https://maps.apple.com/?ll=25.794944,-80.163732",+14075550194,hello@mosaicmedspawynwood.example,https://mosaicmedspawynwood.example,https://mosaicmedspawynwood.example/book,"{""mon"":""9-18"",""tue"":""9-18"",""wed"":""9-18"",""thu"":""9-19"",""fri"":""9-17"",""sat"":""closed"",""sun"":""closed""}",In-Person,false,Visa; Amex; Care Credit,Parking; Private suites; Wi-Fi; Virtual consults,https://picsum.photos/seed/clinic-fl-00008-logo/200/200,https://picsum.photos/seed/clinic-fl-00008-a/600/400; https://picsum.photos/seed/clinic-fl-00008-b/600/400,4.6,465,prov-fl-00142; prov-fl-00143,2007,https://injector.world/fake-dataset,2026-06-08
clinic-fl-00009,Magnolia Cosmetic Clinic South,Wynwood injectable specialists.,"A Wynwood practice focused on natural, conservative injectable results, with an emphasis on patient education before treatment.",8613 Cedar Boulevard,,Miami,FL,33132,Wynwood,Miami-Dade County,US,25.730166,-80.203761,ChIJfl5PdikQkNTbpq0_b7,https://maps.google.com/?cid=16961053,"https://www.google.com/maps/dir/?api=1&destination=25.730166,-80.203761","https://maps.apple.com/?ll=25.730166,-80.203761",+17865550158,hello@magnoliacosmeticclinicsouth.example,https://magnoliacosmeticclinicsouth.example,,"{""mon"":""9-18"",""tue"":""9-18"",""wed"":""9-18"",""thu"":""9-19"",""fri"":""9-17"",""sat"":""closed"",""sun"":""closed""}",In-Person,false,Care Credit; Cherry; Mastercard,Parking; Wi-Fi; Wheelchair accessible,https://picsum.photos/seed/clinic-fl-00009-logo/200/200,https://picsum.photos/seed/clinic-fl-00009-a/600/400; https://picsum.photos/seed/clinic-fl-00009-b/600/400,4.4,317,prov-fl-00144,2020,https://injector.world/fake-dataset,2026-06-08
clinic-fl-00010,Coastal Cosmetic Clinic Brickell 2,Coral Gables injectable specialists.,"A Coral Gables practice focused on natural, conservative injectable results, with an emphasis on patient education before treatment.",9764 Main Boulevard,,Miami,FL,33140,Coral Gables,Miami-Dade County,US,25.758253,-80.213135,ChIJflPNy-_8oF_8s-NzQN,https://maps.google.com/?cid=98424917,"https://www.google.com/maps/dir/?api=1&destination=25.758253,-80.213135","https://maps.apple.com/?ll=25.758253,-80.213135",+18135550199,hello@coastalcosmeticclinicbrickell2.example,https://coastalcosmeticclinicbrickell2.example,,"{""mon"":""9-18"",""tue"":""9-18"",""wed"":""9-18"",""thu"":""9-19"",""fri"":""9-17"",""sat"":""closed"",""sun"":""closed""}",In-Person,true,Mastercard; Cherry,Wi-Fi; Parking,https://picsum.photos/seed/clinic-fl-00010-logo/200/200,https://picsum.photos/seed/clinic-fl-00010-a/600/400; https://picsum.photos/seed/clinic-fl-00010-b/600/400,4.3,453,prov-fl-00145,2009,https://injector.world/fake-dataset,2026-06-08
clinic-fl-00011,Summit Dermatology Coral,South Beach injectable specialists.,"A South Beach practice focused on natural, conservative injectable results, with an emphasis on patient education before treatment.",9610 Harbor Street,Suite 512,Miami,FL,33143,South Beach,Miami-Dade County,US,25.76298,-80.192693,ChIJflw8P2yLSTEEh5jCy8,https://maps.google.com/?cid=75684524,"https://www.google.com/maps/dir/?api=1&destination=25.76298,-80.192693","https://maps.apple.com/?ll=25.76298,-80.192693",+17865550122,hello@summitdermatologycoral.example,https://summitdermatologycoral.example,https://summitdermatologycoral.example/book,,In-Person,false,Mastercard; Care Credit; Visa; Amex,Private suites; Parking; Wi-Fi,https://picsum.photos/seed/clinic-fl-00011-logo/200/200,https://picsum.photos/seed/clinic-fl-00011-a/600/400; https://picsum.photos/seed/clinic-fl-00011-b/600/400,4.7,252,prov-fl-00146; prov-fl-00147; prov-fl-00148; prov-fl-00149,2010,https://injector.world/fake-dataset,2026-06-08
clinic-fl-00012,Sunset Aesthetic Medicine Coral,Coconut Grove injectable specialists.,"A Coconut Grove practice focused on natural, conservative injectable results, with an emphasis on patient education before treatment.",7438 Harbor Drive,Suite 385,Miami,FL,33135,Coconut Grove,Miami-Dade County,US,25.777975,-80.164434,ChIJflL509AfBNwzqWpe1Y,https://maps.google.com/?cid=72523501,"https://www.google.com/maps/dir/?api=1&destination=25.777975,-80.164434","https://maps.apple.com/?ll=25.777975,-80.164434",+18135550199,hello@sunsetaestheticmedicinecoral.example,https://sunsetaestheticmedicinecoral.example,,"{""mon"":""9-18"",""tue"":""9-18"",""wed"":""9-18"",""thu"":""9-19"",""fri"":""9-17"",""sat"":""closed"",""sun"":""closed""}",Both,false,Care Credit; Amex; Mastercard,Private suites; Parking,https://picsum.photos/seed/clinic-fl-00012-logo/200/200,https://picsum.photos/seed/clinic-fl-00012-a/600/400; https://picsum.photos/seed/clinic-fl-00012-b/600/400,4.8,424,prov-fl-00150,2006,https://injector.world/fake-dataset,2026-06-08
clinic-fault-00901,Park Avenue Aesthetic Medicine Golden,Golden Triangle injectable specialists.,"A Golden Triangle practice focused on natural, conservative injectable results, with an emphasis on patient education before treatment.",6020 Cedar Drive,,Beverly Hills,CA,90224,Golden Triangle,Los Angeles County,US,34.077931,-118.437738,ChIJcaU-Or5JWapN2pr2BP,https://maps.google.com/?cid=23160231,"https://www.google.com/maps/dir/?api=1&destination=34.077931,-118.437738","https://maps.apple.com/?ll=34.077931,-118.437738",+16195550130,hello@parkavenueaestheticmedicinegolden.example,https://parkavenueaestheticmedicinegolden.example,https://parkavenueaestheticmedicinegolden.example/book,,In-Person,false,Cherry; Mastercard,Wi-Fi; Wheelchair accessible,https://picsum.photos/seed/clinic-fault-00901-logo/200/200,https://picsum.photos/seed/clinic-fault-00901-a/600/400; https://picsum.photos/seed/clinic-fault-00901-b/600/400,4.4,474,,2020,https://injector.world/fake-dataset,2026-06-08
clinic-fault-00903,Verde Aesthetics East,Midtown injectable specialists.,"A Midtown practice focused on natural, conservative injectable results, with an emphasis on patient education before treatment.",4860 Park Street,,Sacramento,CA,95822,Midtown,Sacramento County,US,38.568385,-121.495485,ChIJca5xCgpOWKob6JMhGB,https://maps.google.com/?cid=57776716,"https://www.google.com/maps/dir/?api=1&destination=38.568385,-121.495485","https://maps.apple.com/?ll=38.568385,-121.495485",+12135550191,hello@verdeaestheticseast.example,https://verdeaestheticseast.example,https://verdeaestheticseast.example/book,"{""mon"":""9-18"",""tue"":""9-18"",""wed"":""9-18"",""thu"":""9-19"",""fri"":""9-17"",""sat"":""closed"",""sun"":""closed""}",Both,false,Cherry; Amex,Wi-Fi; Wheelchair accessible; Private suites,https://picsum.photos/seed/clinic-fault-00903-logo/200/200,https://picsum.photos/seed/clinic-fault-00903-a/600/400; https://picsum.photos/seed/clinic-fault-00903-b/600/400,4.6,158,,2007,https://injector.world/fake-dataset,2026-06-08
clinic-fault-00905,Crescent Med Spa Alamo,Alamo Heights injectable specialists.,"A Alamo Heights practice focused on natural, conservative injectable results, with an emphasis on patient education before treatment.",8942 Main Street,Suite 366,San Antonio,TX,78206,Alamo Heights,Bexar County,US,29.453493,-98.480536,ChIJtxv4TVABKgiLxIcQGW,https://maps.google.com/?cid=67921507,"https://www.google.com/maps/dir/?api=1&destination=29.453493,-98.480536","https://maps.apple.com/?ll=29.453493,-98.480536",+17135550122,hello@crescentmedspaalamo.example,https://crescentmedspaalamo.example,https://crescentmedspaalamo.example/book,,In-Person,false,Cherry; Mastercard,Private suites; Wheelchair accessible; Virtual consults,https://picsum.photos/seed/clinic-fault-00905-logo/200/200,https://picsum.photos/seed/clinic-fault-00905-a/600/400; https://picsum.photos/seed/clinic-fault-00905-b/600/400,4.8,83,,2004,https://injector.world/fake-dataset,2026-06-08
clinic-fault-00907,Halcyon Dermatology Cultural,Cultural District injectable specialists.,"A Cultural District practice focused on natural, conservative injectable results, with an emphasis on patient education before treatment.",3429 Park Avenue,Suite 155,Fort Worth,TX,76129,Cultural District,Tarrant County,US,32.750734,-97.307116,ChIJtx5ljsofNRhv-nTWni,https://maps.google.com/?cid=41755067,"https://www.google.com/maps/dir/?api=1&destination=32.750734,-97.307116","https://maps.apple.com/?ll=32.750734,-97.307116",+12105550186,hello@halcyondermatologycultural.example,https://halcyondermatologycultural.example,https://halcyondermatologycultural.example/book,"{""mon"":""9-18"",""tue"":""9-18"",""wed"":""9-18"",""thu"":""9-19"",""fri"":""9-17"",""sat"":""closed"",""sun"":""closed""}",Both,false,Care Credit; Amex; Visa; Cherry,Wheelchair accessible; Parking; Virtual consults; Wi-Fi,https://picsum.photos/seed/clinic-fault-00907-logo/200/200,https://picsum.photos/seed/clinic-fault-00907-a/600/400; https://picsum.photos/seed/clinic-fault-00907-b/600/400,4.0,22,,2021,https://injector.world/fake-dataset,2026-06-08
clinic-fault-00909,Cedar Aesthetics DUMBO,Park Slope injectable specialists.,"A Park Slope practice focused on natural, conservative injectable results, with an emphasis on patient education before treatment.",415 Cedar Street,Suite 275,Brooklyn,NY,11224,Park Slope,Kings County,US,40.646946,-73.943364,ChIJnyqjb5C-Q7iFExWHRY,https://maps.google.com/?cid=73184053,"https://www.google.com/maps/dir/?api=1&destination=40.646946,-73.943364","https://maps.apple.com/?ll=40.646946,-73.943364",+12125550155,hello@cedaraestheticsdumbo.example,https://cedaraestheticsdumbo.example,https://cedaraestheticsdumbo.example/book,"{""mon"":""9-18"",""tue"":""9-18"",""wed"":""9-18"",""thu"":""9-19"",""fri"":""9-17"",""sat"":""closed"",""sun"":""closed""}",Both,false,Visa; Care Credit,Wheelchair accessible; Virtual consults,https://picsum.photos/seed/clinic-fault-00909-logo/200/200,https://picsum.photos/seed/clinic-fault-00909-a/600/400; https://picsum.photos/seed/clinic-fault-00909-b/600/400,4.6,63,,2019,https://injector.world/fake-dataset,2026-06-08
clinic-fault-00911,Bayou Skin & Laser Allentown,Allentown injectable specialists.,"A Allentown practice focused on natural, conservative injectable results, with an emphasis on patient education before treatment.",8412 Oak Avenue,Suite 832,Buffalo,NY,14209,Allentown,Erie County,US,42.926197,-78.890443,ChIJnyZFyr2mVtTNMd2Ovd,https://maps.google.com/?cid=40623455,"https://www.google.com/maps/dir/?api=1&destination=42.926197,-78.890443","https://maps.apple.com/?ll=42.926197,-78.890443",+17185550115,hello@bayouskinlaserallentown.example,https://bayouskinlaserallentown.example,,,In-Person,false,Amex; Care Credit,Wheelchair accessible; Virtual consults; Parking; Private suites,https://picsum.photos/seed/clinic-fault-00911-logo/200/200,https://picsum.photos/seed/clinic-fault-00911-a/600/400; https://picsum.photos/seed/clinic-fault-00911-b/600/400,4.9,307,,2007,https://injector.world/fake-dataset,2026-06-08
clinic-fault-00913,Halcyon Med Spa Channelside,Channelside injectable specialists.,"A Channelside practice focused on natural, conservative injectable results, with an emphasis on patient education before treatment.",6559 Cedar Boulevard,,Tampa,FL,33623,Channelside,Hillsborough County,US,27.986781,-82.469062,ChIJflYW30UxsTB9KiFJfU,https://maps.google.com/?cid=20513892,"https://www.google.com/maps/dir/?api=1&destination=27.986781,-82.469062","https://maps.apple.com/?ll=27.986781,-82.469062",+18135550141,hello@halcyonmedspachannelside.example,https://halcyonmedspachannelside.example,https://halcyonmedspachannelside.example/book,,Both,false,Visa; Care Credit; Mastercard; Amex,Virtual consults; Wi-Fi,https://picsum.photos/seed/clinic-fault-00913-logo/200/200,https://picsum.photos/seed/clinic-fault-00913-a/600/400; https://picsum.photos/seed/clinic-fault-00913-b/600/400,4.8,356,,2021,https://injector.world/fake-dataset,2026-06-08
clinic-fault-00915,Solace Skin & Laser Thornton,Winter Park injectable specialists.,"A Winter Park practice focused on natural, conservative injectable results, with an emphasis on patient education before treatment.",753 Cedar Avenue,Suite 360,Orlando,FL,32812,Winter Park,Orange County,US,28.506928,-81.344818,ChIJflCCbTOnNwA8VWD34G,https://maps.google.com/?cid=20980217,"https://www.google.com/maps/dir/?api=1&destination=28.506928,-81.344818","https://maps.apple.com/?ll=28.506928,-81.344818",+17865550104,hello@solaceskinlaserthornton.example,https://solaceskinlaserthornton.example,https://solaceskinlaserthornton.example/book,,In-Person,false,Visa; Care Credit,Private suites; Parking,https://picsum.photos/seed/clinic-fault-00915-logo/200/200,https://picsum.photos/seed/clinic-fault-00915-a/600/400; https://picsum.photos/seed/clinic-fault-00915-b/600/400,4.5,290,,2008,https://injector.world/fake-dataset,2026-06-08
clinic-fault-00917,Madison Injectables Silver,Studio City injectable specialists.,"A Studio City practice focused on natural, conservative injectable results, with an emphasis on patient education before treatment.",4478 Oak Avenue,Suite 839,Los Angeles,CA,90024,Studio City,Los Angeles County,US,,,ChIJcazxhkiBbdrdKwu4BP,https://maps.google.com/?cid=32406028,,,+14155550197,hello@madisoninjectablessilver.example,https://madisoninjectablessilver.example,,"{""mon"":""9-18"",""tue"":""9-18"",""wed"":""9-18"",""thu"":""9-19"",""fri"":""9-17"",""sat"":""closed"",""sun"":""closed""}",In-Person,true,Amex; Mastercard; Care Credit; Cherry,Virtual consults; Wheelchair accessible,https://picsum.photos/seed/clinic-fault-00917-logo/200/200,https://picsum.photos/seed/clinic-fault-00917-a/600/400; https://picsum.photos/seed/clinic-fault-00917-b/600/400,4.1,414,,2005,https://injector.world/fake-dataset,2026-06-08
clinic-fault-00918,Cedar Aesthetics Uptown,The Heights injectable specialists.,"A The Heights practice focused on natural, conservative injectable results, with an emphasis on patient education before treatment.",3141 Cedar Drive,Suite 742,Houston,TX,77013,The Heights,Harris County,US,,,ChIJtx-j1DdtQ1bAUngdhH,https://maps.google.com/?cid=15891752,,,+12105550164,hello@cedaraestheticsuptown.example,https://cedaraestheticsuptown.example,https://cedaraestheticsuptown.example/book,,In-Person,false,Mastercard; Visa; Cherry; Amex,Private suites; Virtual consults,https://picsum.photos/seed/clinic-fault-00918-logo/200/200,https://picsum.photos/seed/clinic-fault-00918-a/600/400; https://picsum.photos/seed/clinic-fault-00918-b/600/400,4.5,441,,2021,https://injector.world/fake-dataset,2026-06-08
clinic-fault-00919,Vista Med Spa Wynwood,Wynwood injectable specialists.,"A Wynwood practice focused on natural, conservative injectable results, with an emphasis on patient education before treatment.",9837 Park Street,,Miami,FL,33158,Wynwood,Miami-Dade County,US,,,ChIJflp2keqAUi4e5hNfn8,https://maps.google.com/?cid=71320720,,,+14075550169,hello@vistamedspawynwood.example,https://vistamedspawynwood.example,,"{""mon"":""9-18"",""tue"":""9-18"",""wed"":""9-18"",""thu"":""9-19"",""fri"":""9-17"",""sat"":""closed"",""sun"":""closed""}",In-Person,false,Cherry; Mastercard; Care Credit; Visa,Parking; Wheelchair accessible; Private suites; Virtual consults,https://picsum.photos/seed/clinic-fault-00919-logo/200/200,https://picsum.photos/seed/clinic-fault-00919-a/600/400; https://picsum.photos/seed/clinic-fault-00919-b/600/400,4.5,187,,2015,https://injector.world/fake-dataset,2026-06-08
clinic-fault-00920,Crescent Dermatology Midtown,Upper East Side injectable specialists.,"A Upper East Side practice focused on natural, conservative injectable results, with an emphasis on patient education before treatment.",4074 Lake Avenue,Suite 781,New York,NY,10010,Upper East Side,New York County,US,40.69155,-73.985051,ChIJnyIhRKMXHvx2ddzDpX,https://maps.google.com/?cid=59682527,"https://www.google.com/maps/dir/?api=1&destination=40.69155,-73.985051","https://maps.apple.com/?ll=40.69155,-73.985051",+12125550154,hello@crescentdermatologymidtown.example,https://crescentdermatologymidtown.example,https://crescentdermatologymidtown.example/book,"{""mon"":""9-18"",""tue"":""9-18"",""wed"":""9-18"",""thu"":""9-19"",""fri"":""9-17"",""sat"":""closed"",""sun"":""closed""}",In-Person,false,Care Credit; Cherry; Mastercard,Private suites; Virtual consults,https://picsum.photos/seed/clinic-fault-00920-logo/200/200,https://picsum.photos/seed/clinic-fault-00920-a/600/400; https://picsum.photos/seed/clinic-fault-00920-b/600/400,4.9,439,,2007,,2026-06-08
clinic-fault-00922,Bayou Aesthetics The,Uptown injectable specialists.,"A Uptown practice focused on natural, conservative injectable results, with an emphasis on patient education before treatment.",6832 Oak Avenue,Suite 697,Houston,TX,77016,Uptown,Harris County,US,29.763119,-95.384655,ChIJtxhlILIE-P-9Ol8TKp,https://maps.google.com/?cid=74086965,"https://www.google.com/maps/dir/?api=1&destination=29.763119,-95.384655","https://maps.apple.com/?ll=29.763119,-95.384655",+12145550192,hello@bayouaestheticsthe.example,https://bayouaestheticsthe.example,,"{""mon"":""9-18"",""tue"":""9-18"",""wed"":""9-18"",""thu"":""9-19"",""fri"":""9-17"",""sat"":""closed"",""sun"":""closed""}",In-Person,false,Amex; Visa; Mastercard; Cherry,Wi-Fi; Private suites,https://picsum.photos/seed/clinic-fault-00922-logo/200/200,https://picsum.photos/seed/clinic-fault-00922-a/600/400; https://picsum.photos/seed/clinic-fault-00922-b/600/400,5.0,194,,2017,,2026-06-08
clinic-fault-00924,Halcyon Skin Studio Beverly,Studio City injectable specialists.,"A Studio City practice focused on natural, conservative injectable results, with an emphasis on patient education before treatment.",4697 Park Street,,Los Angeles,CA,90032,Studio City,Los Angeles County,US,34.03243,-118.269753,ChIJcaDERgrlLQ_ZZU0PPW,https://maps.google.com/?cid=74396835,"https://www.google.com/maps/dir/?api=1&destination=34.03243,-118.269753","https://maps.apple.com/?ll=34.03243,-118.269753",+12135550117,hello@halcyonskinstudiobeverly.example,https://halcyonskinstudiobeverly.example,,"{""mon"":""9-18"",""tue"":""9-18"",""wed"":""9-18"",""thu"":""9-19"",""fri"":""9-17"",""sat"":""closed"",""sun"":""closed""}",In-Person,true,Amex; Care Credit; Mastercard,Parking; Wheelchair accessible; Wi-Fi,https://picsum.photos/seed/clinic-fault-00924-logo/200/200,https://picsum.photos/seed/clinic-fault-00924-a/600/400; https://picsum.photos/seed/clinic-fault-00924-b/600/400,4.6,210,,2015,,2026-06-08
clinic-fault-00926,Solace Skin & Laser Brentwood,West Hollywood injectable specialists.,"A West Hollywood practice focused on natural, conservative injectable results, with an emphasis on patient education before treatment.",2577 Lake Avenue,,Los Angeles,CA,90030,West Hollywood,Los Angeles County,US,34.029843,-118.216378,ChIJca8WIu33dGy6bhPAe8,https://maps.google.com/?cid=66179732,"https://www.google.com/maps/dir/?api=1&destination=34.029843,-118.216378","https://maps.apple.com/?ll=34.029843,-118.216378",+12135550155,hello@solaceskinlaserbrentwood.example,https://solaceskinlaserbrentwood.example,,"{""mon"":""9-18"",""tue"":""9-18"",""wed"":""9-18"",""thu"":""9-19"",""fri"":""9-17"",""sat"":""closed"",""sun"":""closed""}",In-Person,false,Cherry; Care Credit; Visa,Virtual consults; Wheelchair accessible; Private suites,https://picsum.photos/seed/clinic-fault-00926-logo/200/200,https://picsum.photos/seed/clinic-fault-00926-a/600/400; https://picsum.photos/seed/clinic-fault-00926-b/600/400,4.6,192,,2007,https://injector.world/fake-dataset,2026-06-08
clinic-fault-00927,Coastal Dermatology River,Uptown injectable specialists.,"A Uptown practice focused on natural, conservative injectable results, with an emphasis on patient education before treatment.",995 Magnolia Avenue,Suite 446,Houston,TX,77003,Uptown,Harris County,US,29.722681,-95.375147,ChIJtxiUeimfsWLaHUZxyt,https://maps.google.com/?cid=33053137,"https://www.google.com/maps/dir/?api=1&destination=29.722681,-95.375147","https://maps.apple.com/?ll=29.722681,-95.375147",+12145550138,hello@coastaldermatologyriver.example,https://coastaldermatologyriver.example,,"{""mon"":""9-18"",""tue"":""9-18"",""wed"":""9-18"",""thu"":""9-19"",""fri"":""9-17"",""sat"":""closed"",""sun"":""closed""}",In-Person,true,Visa; Amex; Mastercard,Virtual consults; Wheelchair accessible; Parking; Wi-Fi,https://picsum.photos/seed/clinic-fault-00927-logo/200/200,https://picsum.photos/seed/clinic-fault-00927-a/600/400; https://picsum.photos/seed/clinic-fault-00927-b/600/400,4.7,323,,2011,https://injector.world/fake-dataset,2026-06-08
clinic-fault-00928,Lumen Injectables Coconut,Coral Gables injectable specialists.,"A Coral Gables practice focused on natural, conservative injectable results, with an emphasis on patient education before treatment.",805 Main Boulevard,,Miami,FL,33148,Coral Gables,Miami-Dade County,US,25.768291,-80.216886,ChIJflqnKuZX7JMleE6p-o,https://maps.google.com/?cid=22614206,"https://www.google.com/maps/dir/?api=1&destination=25.768291,-80.216886","https://maps.apple.com/?ll=25.768291,-80.216886",+14075550195,hello@lumeninjectablescoconut.example,https://lumeninjectablescoconut.example,https://lumeninjectablescoconut.example/book,,In-Person,false,Cherry; Amex; Mastercard; Care Credit,Virtual consults; Private suites; Parking; Wi-Fi,https://picsum.photos/seed/clinic-fault-00928-logo/200/200,https://picsum.photos/seed/clinic-fault-00928-a/600/400; https://picsum.photos/seed/clinic-fault-00928-b/600/400,4.3,279,,2018,https://injector.world/fake-dataset,2026-06-08
clinic-fault-00929,,Upper East Side injectable specialists.,"A Upper East Side practice focused on natural, conservative injectable results, with an emphasis on patient education before treatment.",7705 Magnolia Boulevard,Suite 564,New York,NY,10005,Upper East Side,New York County,US,40.734871,-74.032537,ChIJnypUpRwQs5BeAdDJHN,https://maps.google.com/?cid=15413289,"https://www.google.com/maps/dir/?api=1&destination=40.734871,-74.032537","https://maps.apple.com/?ll=40.734871,-74.032537",+19175550192,hello@clinicfault00929.example,https://clinicfault00929.example,,,Both,false,Visa; Care Credit; Mastercard; Amex,Virtual consults; Private suites,https://picsum.photos/seed/clinic-fault-00929-logo/200/200,https://picsum.photos/seed/clinic-fault-00929-a/600/400; https://picsum.photos/seed/clinic-fault-00929-b/600/400,4.3,57,,2018,https://injector.world/fake-dataset,2026-06-08
clinic-fault-00930,,South Beach injectable specialists.,"A South Beach practice focused on natural, conservative injectable results, with an emphasis on patient education before treatment.",4224 Main Street,Suite 462,Miami,FL,33133,South Beach,Miami-Dade County,US,25.765704,-80.223842,ChIJflYM5t1YTYyaXkosGt,https://maps.google.com/?cid=94870712,"https://www.google.com/maps/dir/?api=1&destination=25.765704,-80.223842","https://maps.apple.com/?ll=25.765704,-80.223842",+17865550136,hello@clinicfault00930.example,https://clinicfault00930.example,https://clinicfault00930.example/book,"{""mon"":""9-18"",""tue"":""9-18"",""wed"":""9-18"",""thu"":""9-19"",""fri"":""9-17"",""sat"":""closed"",""sun"":""closed""}",In-Person,false,Visa; Amex; Cherry,Virtual consults; Parking; Private suites,https://picsum.photos/seed/clinic-fault-00930-logo/200/200,https://picsum.photos/seed/clinic-fault-00930-a/600/400; https://picsum.photos/seed/clinic-fault-00930-b/600/400,4.2,287,,2021,https://injector.world/fake-dataset,2026-06-08
clinic-fault-00931,Aurora Skin Studio Studio,Beverly Grove injectable specialists.,"A Beverly Grove practice focused on natural, conservative injectable results, with an emphasis on patient education before treatment.",6497 Harbor Street,Suite 830,Los Angeles,CA,90036,Beverly Grove,Los Angeles County,US,34.056889,-118.220291,ChIJcaSIWeB9rnT4TQg9vM,https://maps.google.com/?cid=57715246,"https://www.google.com/maps/dir/?api=1&destination=34.056889,-118.220291","https://maps.apple.com/?ll=34.056889,-118.220291",,hello@auroraskinstudiostudio.example,https://auroraskinstudiostudio.example,https://auroraskinstudiostudio.example/book,"{""mon"":""9-18"",""tue"":""9-18"",""wed"":""9-18"",""thu"":""9-19"",""fri"":""9-17"",""sat"":""closed"",""sun"":""closed""}",In-Person,true,Cherry; Care Credit; Visa; Amex,Parking; Wheelchair accessible; Virtual consults; Private suites,https://picsum.photos/seed/clinic-fault-00931-logo/200/200,https://picsum.photos/seed/clinic-fault-00931-a/600/400; https://picsum.photos/seed/clinic-fault-00931-b/600/400,4.7,435,,2020,https://injector.world/fake-dataset,2026-06-08
clinic-fault-00932,Bayou Cosmetic Clinic West,Silver Lake injectable specialists.,"A Silver Lake practice focused on natural, conservative injectable results, with an emphasis on patient education before treatment.",1384 Cedar Drive,,Los Angeles,CA,ABCDE,Silver Lake,Los Angeles County,US,34.074675,-118.2398,ChIJcacHMxKdHF1wJJ15Ri,https://maps.google.com/?cid=28891663,"https://www.google.com/maps/dir/?api=1&destination=34.074675,-118.2398","https://maps.apple.com/?ll=34.074675,-118.2398",+12135550127,hello@bayoucosmeticclinicwest.example,https://bayoucosmeticclinicwest.example,,"{""mon"":""9-18"",""tue"":""9-18"",""wed"":""9-18"",""thu"":""9-19"",""fri"":""9-17"",""sat"":""closed"",""sun"":""closed""}",Both,false,Care Credit; Cherry; Mastercard,Virtual consults; Private suites; Parking,https://picsum.photos/seed/clinic-fault-00932-logo/200/200,https://picsum.photos/seed/clinic-fault-00932-a/600/400; https://picsum.photos/seed/clinic-fault-00932-b/600/400,4.5,391,,2005,https://injector.world/fake-dataset,2026-06-08
clinic-fault-00934,Solace Skin Studio River,Montrose injectable specialists.,"A Montrose practice focused on natural, conservative injectable results, with an emphasis on patient education before treatment.",6611 Harbor Drive,Suite 464,Houston,TX,00000,Montrose,Harris County,US,29.745491,-95.360415,ChIJtx7mO-EFDhSxi-NOo2,https://maps.google.com/?cid=86203782,"https://www.google.com/maps/dir/?api=1&destination=29.745491,-95.360415","https://maps.apple.com/?ll=29.745491,-95.360415",+12145550180,hello@solaceskinstudioriver.example,https://solaceskinstudioriver.example,https://solaceskinstudioriver.example/book,,In-Person,true,Cherry; Care Credit; Visa,Private suites; Wheelchair accessible,https://picsum.photos/seed/clinic-fault-00934-logo/200/200,https://picsum.photos/seed/clinic-fault-00934-a/600/400; https://picsum.photos/seed/clinic-fault-00934-b/600/400,5.0,93,,2020,https://injector.world/fake-dataset,2026-06-08
clinic-fault-00936,Vista Skin & Laser Midtown,Tribeca injectable specialists.,"A Tribeca practice focused on natural, conservative injectable results, with an emphasis on patient education before treatment.",5033 Magnolia Drive,,New York,NY,00000,Tribeca,New York County,US,40.735055,-73.974137,ChIJny2TgRNJo6l6fNPoa0,https://maps.google.com/?cid=95762778,"https://www.google.com/maps/dir/?api=1&destination=40.735055,-73.974137","https://maps.apple.com/?ll=40.735055,-73.974137",+17185550193,hello@vistaskinlasermidtown.example,https://vistaskinlasermidtown.example,https://vistaskinlasermidtown.example/book,"{""mon"":""9-18"",""tue"":""9-18"",""wed"":""9-18"",""thu"":""9-19"",""fri"":""9-17"",""sat"":""closed"",""sun"":""closed""}",Both,false,Cherry; Visa; Mastercard; Amex,Parking; Wheelchair accessible; Virtual consults; Wi-Fi,https://picsum.photos/seed/clinic-fault-00936-logo/200/200,https://picsum.photos/seed/clinic-fault-00936-a/600/400; https://picsum.photos/seed/clinic-fault-00936-b/600/400,4.8,411,,2016,https://injector.world/fake-dataset,2026-06-08
clinic-fault-00938,Solace Injectables Coral,Coral Gables injectable specialists.,"A Coral Gables practice focused on natural, conservative injectable results, with an emphasis on patient education before treatment.",5918 Sunset Boulevard,,Miami,FL,ABCDE,Coral Gables,Miami-Dade County,US,25.762498,-80.173573,ChIJflRZkVNv3dGBsNInqq,https://maps.google.com/?cid=80279550,"https://www.google.com/maps/dir/?api=1&destination=25.762498,-80.173573","https://maps.apple.com/?ll=25.762498,-80.173573",+14075550123,hello@solaceinjectablescoral.example,https://solaceinjectablescoral.example,https://solaceinjectablescoral.example/book,"{""mon"":""9-18"",""tue"":""9-18"",""wed"":""9-18"",""thu"":""9-19"",""fri"":""9-17"",""sat"":""closed"",""sun"":""closed""}",In-Person,false,Cherry; Amex; Mastercard; Visa,Wheelchair accessible; Parking,https://picsum.photos/seed/clinic-fault-00938-logo/200/200,https://picsum.photos/seed/clinic-fault-00938-a/600/400; https://picsum.photos/seed/clinic-fault-00938-b/600/400,4.7,211,,2017,https://injector.world/fake-dataset,2026-06-08
clinic-fault-00940,Coastal Dermatology Uptown,Memorial injectable specialists.,"A Memorial practice focused on natural, conservative injectable results, with an emphasis on patient education before treatment.",128 Magnolia Boulevard,,Houston,TX,77021,Memorial,Harris County,US,999.123456,-95.354156,ChIJtxitLD-cbS47jyqXTv,https://maps.google.com/?cid=65342419,"https://www.google.com/maps/dir/?api=1&destination=999.123456,-95.354156","https://maps.apple.com/?ll=999.123456,-95.354156",+15125550170,hello@coastaldermatologyuptown.example,https://coastaldermatologyuptown.example,,"{""mon"":""9-18"",""tue"":""9-18"",""wed"":""9-18"",""thu"":""9-19"",""fri"":""9-17"",""sat"":""closed"",""sun"":""closed""}",In-Person,false,Visa; Amex; Care Credit; Cherry,Wi-Fi; Wheelchair accessible,https://picsum.photos/seed/clinic-fault-00940-logo/200/200,https://picsum.photos/seed/clinic-fault-00940-a/600/400; https://picsum.photos/seed/clinic-fault-00940-b/600/400,4.6,96,,2004,https://injector.world/fake-dataset,2026-06-08
clinic-fault-00942,Coastal Med Spa Brickell,Wynwood injectable specialists.,"A Wynwood practice focused on natural, conservative injectable results, with an emphasis on patient education before treatment.",404 Park Drive,Suite 641,Miami,FL,33136,Wynwood,Miami-Dade County,US,999.123456,-80.182082,ChIJflTl4vD9z7gzIOsNwY,https://maps.google.com/?cid=13354853,"https://www.google.com/maps/dir/?api=1&destination=999.123456,-80.182082","https://maps.apple.com/?ll=999.123456,-80.182082",+14075550139,hello@coastalmedspabrickell.example,https://coastalmedspabrickell.example,https://coastalmedspabrickell.example/book,"{""mon"":""9-18"",""tue"":""9-18"",""wed"":""9-18"",""thu"":""9-19"",""fri"":""9-17"",""sat"":""closed"",""sun"":""closed""}",In-Person,false,Amex; Visa; Cherry; Care Credit,Private suites; Wi-Fi; Parking; Wheelchair accessible,https://picsum.photos/seed/clinic-fault-00942-logo/200/200,https://picsum.photos/seed/clinic-fault-00942-a/600/400; https://picsum.photos/seed/clinic-fault-00942-b/600/400,4.9,338,,2015,https://injector.world/fake-dataset,2026-06-08
clinic-fault-00944,Coastal Injectables Brentwood,West Hollywood injectable specialists.,"A West Hollywood practice focused on natural, conservative injectable results, with an emphasis on patient education before treatment.",5006 Oak Boulevard,Suite 224,Los Angeles,CA,90042,West Hollywood,Los Angeles County,US,999.123456,-118.222267,ChIJcaPbGzXHk-tsrp7d-d,https://maps.google.com/?cid=43513473,"https://www.google.com/maps/dir/?api=1&destination=999.123456,-118.222267","https://maps.apple.com/?ll=999.123456,-118.222267",+12135550192,hello@coastalinjectablesbrentwood.example,https://coastalinjectablesbrentwood.example,,,In-Person,false,Visa; Care Credit; Amex; Mastercard,Private suites; Parking; Wi-Fi,https://picsum.photos/seed/clinic-fault-00944-logo/200/200,https://picsum.photos/seed/clinic-fault-00944-a/600/400; https://picsum.photos/seed/clinic-fault-00944-b/600/400,4.3,376,,2012,https://injector.world/fake-dataset,2026-06-08
clinic-fault-00946,Radiance Aesthetics Los Angeles,West Hollywood injectable specialists.,"A West Hollywood practice focused on natural, conservative injectable results, with an emphasis on patient education before treatment.",9260 Oak Boulevard,,Los Angeles,CA,90029,West Hollywood,Los Angeles County,US,34.038591,-118.222588,ChIJcamSlwrChN8-orSYLI,https://maps.google.com/?cid=93918407,"https://www.google.com/maps/dir/?api=1&destination=34.038591,-118.222588","https://maps.apple.com/?ll=34.038591,-118.222588",+16195550198,hello@radianceaestheticslosangeles.example,https://radianceaesthetics.example,https://radianceaesthetics.example/book,"{""mon"":""9-18"",""tue"":""9-18"",""wed"":""9-18"",""thu"":""9-19"",""fri"":""9-17"",""sat"":""closed"",""sun"":""closed""}",Both,false,Amex; Mastercard; Care Credit; Cherry,Wi-Fi; Wheelchair accessible; Virtual consults; Private suites,https://picsum.photos/seed/clinic-fault-00946-logo/200/200,https://picsum.photos/seed/clinic-fault-00946-a/600/400; https://picsum.photos/seed/clinic-fault-00946-b/600/400,4.7,450,prov-fault-00947,2016,https://injector.world/fake-dataset,2026-06-08
clinic-fault-00948,Radiance Aesthetics San Diego,Gaslamp Quarter injectable specialists.,"A Gaslamp Quarter practice focused on natural, conservative injectable results, with an emphasis on patient education before treatment.",2827 Magnolia Avenue,,San Diego,CA,92115,Gaslamp Quarter,San Diego County,US,32.704847,-117.198953,ChIJcaQ1yeZFwOuySljP2y,https://maps.google.com/?cid=63463081,"https://www.google.com/maps/dir/?api=1&destination=32.704847,-117.198953","https://maps.apple.com/?ll=32.704847,-117.198953",+16195550198,hello@radianceaestheticssandiego.example,https://radianceaesthetics.example,,"{""mon"":""9-18"",""tue"":""9-18"",""wed"":""9-18"",""thu"":""9-19"",""fri"":""9-17"",""sat"":""closed"",""sun"":""closed""}",In-Person,false,Care Credit; Visa,Wheelchair accessible; Parking; Private suites; Wi-Fi,https://picsum.photos/seed/clinic-fault-00948-logo/200/200,https://picsum.photos/seed/clinic-fault-00948-a/600/400; https://picsum.photos/seed/clinic-fault-00948-b/600/400,4.6,135,prov-fault-00949,2004,https://injector.world/fake-dataset,2026-06-08
clinic-fault-00950,Radiance Aesthetics San Francisco,SoMa injectable specialists.,"A SoMa practice focused on natural, conservative injectable results, with an emphasis on patient education before treatment.",4849 Magnolia Street,,San Francisco,CA,94128,SoMa,San Francisco County,US,37.764743,-122.398927,ChIJcaxa8SAZL8shnUA_vm,https://maps.google.com/?cid=65310835,"https://www.google.com/maps/dir/?api=1&destination=37.764743,-122.398927","https://maps.apple.com/?ll=37.764743,-122.398927",+16195550198,hello@radianceaestheticssanfrancisco.example,https://radianceaesthetics.example,,"{""mon"":""9-18"",""tue"":""9-18"",""wed"":""9-18"",""thu"":""9-19"",""fri"":""9-17"",""sat"":""closed"",""sun"":""closed""}",Both,false,Care Credit; Mastercard; Visa; Cherry,Private suites; Wi-Fi; Wheelchair accessible; Virtual consults,https://picsum.photos/seed/clinic-fault-00950-logo/200/200,https://picsum.photos/seed/clinic-fault-00950-a/600/400; https://picsum.photos/seed/clinic-fault-00950-b/600/400,4.7,353,prov-fault-00951,2020,https://injector.world/fake-dataset,2026-06-08
clinic-fault-00952,Lone Star Med Spa Houston,Memorial injectable specialists.,"A Memorial practice focused on natural, conservative injectable results, with an emphasis on patient education before treatment.",4046 Main Drive,,Houston,TX,77020,Memorial,Harris County,US,29.747311,-95.361886,ChIJtxpd6CfrkcAYRjKVSe,https://maps.google.com/?cid=94396291,"https://www.google.com/maps/dir/?api=1&destination=29.747311,-95.361886","https://maps.apple.com/?ll=29.747311,-95.361886",+12105550172,hello@lonestarmedspahouston.example,https://lonestarmedspa.example,,"{""mon"":""9-18"",""tue"":""9-18"",""wed"":""9-18"",""thu"":""9-19"",""fri"":""9-17"",""sat"":""closed"",""sun"":""closed""}",In-Person,false,Visa; Cherry; Amex,Virtual consults; Wheelchair accessible,https://picsum.photos/seed/clinic-fault-00952-logo/200/200,https://picsum.photos/seed/clinic-fault-00952-a/600/400; https://picsum.photos/seed/clinic-fault-00952-b/600/400,4.6,383,prov-fault-00953,2016,https://injector.world/fake-dataset,2026-06-08
clinic-fault-00954,Lone Star Med Spa Dallas,Uptown injectable specialists.,"A Uptown practice focused on natural, conservative injectable results, with an emphasis on patient education before treatment.",4558 Oak Avenue,,Dallas,TX,75207,Uptown,Dallas County,US,32.757613,-96.765687,ChIJtxGE2Cm5ECKYMJTPNp,https://maps.google.com/?cid=67204880,"https://www.google.com/maps/dir/?api=1&destination=32.757613,-96.765687","https://maps.apple.com/?ll=32.757613,-96.765687",+12105550172,hello@lonestarmedspadallas.example,https://lonestarmedspa.example,,"{""mon"":""9-18"",""tue"":""9-18"",""wed"":""9-18"",""thu"":""9-19"",""fri"":""9-17"",""sat"":""closed"",""sun"":""closed""}",In-Person,false,Visa; Cherry; Care Credit; Mastercard,Parking; Wi-Fi,https://picsum.photos/seed/clinic-fault-00954-logo/200/200,https://picsum.photos/seed/clinic-fault-00954-a/600/400; https://picsum.photos/seed/clinic-fault-00954-b/600/400,4.4,278,prov-fault-00955,2012,https://injector.world/fake-dataset,2026-06-08
clinic-fault-00956,Lone Star Med Spa Austin,Downtown injectable specialists.,"A Downtown practice focused on natural, conservative injectable results, with an emphasis on patient education before treatment.",8006 Sunset Boulevard,,Austin,TX,78709,Downtown,Travis County,US,30.286502,-97.754639,ChIJtxZ69eTrpvLGoEvbLk,https://maps.google.com/?cid=99435899,"https://www.google.com/maps/dir/?api=1&destination=30.286502,-97.754639","https://maps.apple.com/?ll=30.286502,-97.754639",+12105550172,hello@lonestarmedspaaustin.example,https://lonestarmedspa.example,,"{""mon"":""9-18"",""tue"":""9-18"",""wed"":""9-18"",""thu"":""9-19"",""fri"":""9-17"",""sat"":""closed"",""sun"":""closed""}",In-Person,true,Mastercard; Cherry,Parking; Virtual consults,https://picsum.photos/seed/clinic-fault-00956-logo/200/200,https://picsum.photos/seed/clinic-fault-00956-a/600/400; https://picsum.photos/seed/clinic-fault-00956-b/600/400,4.9,132,prov-fault-00957,2007,https://injector.world/fake-dataset,2026-06-08
clinic-ny-00001,Cedar Aesthetics SoHo (re-scrape),Upper East Side injectable specialists.,"A Upper East Side practice focused on natural, conservative injectable results, with an emphasis on patient education before treatment.",9694 Magnolia Avenue,Suite 852,New York,NY,10015,Upper East Side,New York County,US,40.700626,-74.035965,,https://maps.google.com/?cid=11007051,"https://www.google.com/maps/dir/?api=1&destination=40.700626,-74.035965","https://maps.apple.com/?ll=40.700626,-74.035965",+17185550190,hello@cedaraestheticssoho.example,https://cedaraestheticssoho.example,,"{""mon"":""9-18"",""tue"":""9-18"",""wed"":""9-18"",""thu"":""9-19"",""fri"":""9-17"",""sat"":""closed"",""sun"":""closed""}",Both,false,Mastercard; Care Credit,Parking; Private suites,https://picsum.photos/seed/clinic-ny-00001-logo/200/200,https://picsum.photos/seed/clinic-ny-00001-a/600/400; https://picsum.photos/seed/clinic-ny-00001-b/600/400,4.1,44,prov-ny-00088; prov-ny-00089; prov-ny-00090; prov-ny-00091,2013,https://injector.world/fake-dataset,2026-06-08
clinic-fault-00996,Coastal Skin Studio West,Studio City injectable specialists.,"A Studio City practice focused on natural, conservative injectable results, with an emphasis on patient education before treatment.",5215 Cedar Street,Suite 894,Los Angeles,CA,90020,Studio City,Los Angeles County,US,34.053127,-118.229616,ChIJcamkFQQYj32WzzE3NA,https://maps.google.com/?cid=84485423,"https://www.google.com/maps/dir/?api=1&destination=34.053127,-118.229616","https://maps.apple.com/?ll=34.053127,-118.229616",+13105550139,hello@coastalskinstudiowest.example,https://coastalskinstudiowest.example,https://coastalskinstudiowest.example/book,"{""mon"":""9-18"",""tue"":""9-18"",""wed"":""9-18"",""thu"":""9-19"",""fri"":""9-17"",""sat"":""closed"",""sun"":""closed""}",In-Person,true,Care Credit; Visa; Cherry; Amex,Private suites; Wi-Fi; Parking; Wheelchair accessible,https://picsum.photos/seed/clinic-fault-00996-logo/200/200,https://picsum.photos/seed/clinic-fault-00996-a/600/400; https://picsum.photos/seed/clinic-fault-00996-b/600/400,4.5,162,,2015,https://injector.world/fake-dataset,2026-06-08
